date,tavg,tmin,tmax,prcp,snow,wdir,wspd,wpgt,pres
01/01/2020,4.9,1.6,7.4,,,230,18.1,40.8,1022.9
02/01/2020,6.7,5.7,7.6,,,206,23.6,50,1015.5
03/01/2020,7.8,7,8.6,,,225,28.2,53.7,1003.6
04/01/2020,5.2,2,7.3,,,293,22.2,57.4,1009.7
05/01/2020,1.6,-1.6,6.3,,,214,14.7,38.9,1023.4
06/01/2020,7.1,5.6,7.7,,,206,17.9,37,1017
07/01/2020,7,6.1,7.8,,,196,21.2,48.2,1013.4
08/01/2020,8.4,6.8,10.3,,,215,25.9,59.3,1007.8
09/01/2020,5.2,4.3,6.9,,,175,12.3,37,1010.1
10/01/2020,3.4,-0.4,5.1,,,16,16,37,1010.9
11/01/2020,2.6,-1,7.7,,,190,24.1,64.8,1016.2
12/01/2020,6.9,3.7,8.7,,,213,19.6,64.8,1006.4
13/01/2020,4.3,3.7,5,,,200,14.7,29.6,1010
14/01/2020,6.3,4.7,7.7,,,188,26.2,51.8,997.7
15/01/2020,8.5,7.2,10.1,,,201,26.4,53.7,997.3
16/01/2020,7.1,6.3,7.9,,,203,21.9,42.6,1015.1
17/01/2020,6.5,5.7,7.1,,,177,19.3,35.2,1013.7
18/01/2020,6.2,5.3,6.8,,,204,18.7,42.6,1007.7
19/01/2020,3.2,-0.2,5.7,,,262,8.1,27.8,1027.2
20/01/2020,4.1,-0.5,8.7,,,214,15.4,40.8,1034.3
21/01/2020,8.2,6.9,9.6,,,229,19.6,40.8,1026
22/01/2020,4.9,-0.6,7.3,,,309,12.3,35.2,1026.7
23/01/2020,3.9,-0.1,8.1,,,213,16.2,40.8,1023.1
24/01/2020,7.7,6.4,8.8,,,226,19.8,38.9,1012.1
25/01/2020,6.2,5.3,7.3,,,227,13.6,29.6,1012.4
26/01/2020,7,6.5,7.7,,,204,18.5,33.3,1010.8
27/01/2020,5.9,5.4,6.3,,,185,18.4,37,1002.3
28/01/2020,4.9,4.1,5.4,,,145,9.7,25.9,988.4
29/01/2020,4.3,3.7,5.1,,,203,13.7,27.8,988.6
30/01/2020,3.5,2.8,4.5,,,195,8.8,25.9,994.4
31/01/2020,5,3.8,6.6,,,200,10.3,31.5,990.6
01/02/2020,7.7,5.8,8.4,,,204,23.9,44.5,986.8
02/02/2020,6.5,3.4,8.2,,,268,16.6,38.9,993.1
03/02/2020,1.2,-0.8,2.9,,,197,5.5,16.7,999.7
04/02/2020,2.5,0.5,3.5,,,339,15.7,37,1002.3
05/02/2020,2.5,-0.9,6.7,,,261,14.4,44.5,1022.2
06/02/2020,5.5,2.7,7.5,,,282,9.6,29.6,1020
07/02/2020,2.7,0.7,4.5,,,163,8.8,25.9,1026.5
08/02/2020,4.8,4.1,5.8,,,185,18,37,1017.1
09/02/2020,5.9,4.7,8.3,,,191,34.2,81.5,991.2
10/02/2020,7.7,6.7,8.6,,,217,32.4,68.5,968.8
11/02/2020,6,5.3,6.6,,,218,21.7,50,976.4
12/02/2020,6.3,5.2,8.1,,,230,23.9,51.8,985.9
13/02/2020,4.3,2,5.9,,,218,12.4,33.3,1002
14/02/2020,2.4,0.4,4.3,,,166,7.9,31.5,1013.7
15/02/2020,5.9,3.3,8.3,,,192,23.5,57.4,1008.5
16/02/2020,9.3,7.8,10.6,,,200,37.1,83.3,987.7
17/02/2020,7.7,7,8.2,,,205,34.7,68.5,990.4
18/02/2020,6.7,5.8,8.5,,,215,26,53.7,999.7
19/02/2020,5.2,3.2,6.9,,,227,13.7,40.8,1003
20/02/2020,4.1,2.6,6.6,,,186,24.5,61.1,1003.8
21/02/2020,6.7,5.3,7.9,,,218,27.2,59.3,1002.1
22/02/2020,7.6,6.2,9,,,217,36.4,75.9,992.8
23/02/2020,6.9,4.8,7.9,,,238,26.9,66.7,994.4
24/02/2020,4.1,2.4,6.4,,,257,11.1,27.8,1005.5
25/02/2020,2.2,1.4,3.1,,,56,17.5,46.3,985
26/02/2020,0.5,-3.2,2,,,16,26.1,50,991.5
27/02/2020,-2.3,-4.9,1.3,,,51,7.1,18.5,998.3
28/02/2020,0.2,-3.3,2.9,,,159,8,20.4,1002.3
29/02/2020,2.2,1.3,3.6,,,138,12.9,31.5,992.1
01/03/2020,4.2,3.5,5.4,,,191,27.1,51.8,982.8
02/03/2020,4.5,2.6,6.4,,,180,16.4,42.6,991.1
03/03/2020,2.8,1.4,4.7,,,74,7.9,18.5,999.9
04/03/2020,2.7,1.7,4,,,327,9.6,22.2,1003
05/03/2020,2.1,0.4,4.7,,,204,10,24.1,1002.2
06/03/2020,1.8,-1,5.8,,,47,10,22.2,1003.1
07/03/2020,2.8,0.4,6.1,,,7,10.2,22.2,1010.3
08/03/2020,4.5,2.3,6.1,,,182,27.5,55.5,1004.7
09/03/2020,5.4,4.4,6.5,,,189,13.9,37,1005.1
10/03/2020,4.2,3.6,5.1,,,178,16.3,33.3,995.3
11/03/2020,6.6,5.2,8,,,238,27.8,64.8,993.5
12/03/2020,4.7,3.2,6.6,,,227,25.8,59.3,986.9
13/03/2020,3,-0.9,5.2,,,328,19.9,44.5,1001.2
14/03/2020,0.2,-4.1,4.2,,,170,13.6,29.6,1020.7
15/03/2020,3.4,0.6,6.3,,,184,30.2,59.3,1008.8
16/03/2020,6.2,3.9,8.1,,,219,14.8,46.3,1011.9
17/03/2020,5.4,3.4,7.1,,,205,22.2,44.5,1017.8
18/03/2020,6.4,4.4,7.3,,,225,25.6,53.7,1013.7
19/03/2020,5.6,3.9,7.6,,,237,18.8,38.9,1020.7
20/03/2020,3.7,-0.4,6.3,,,1,17.4,38.9,1027.9
21/03/2020,1.5,-2.7,6.2,,,20,13.3,31.5,1036.8
22/03/2020,0.3,-3.7,4.6,,,156,10.6,25.9,1040.2
23/03/2020,1,-1.3,4.1,,,195,19.4,38.9,1038
24/03/2020,2.3,-2.2,6.7,,,191,23,46.3,1033
25/03/2020,4.1,0.3,8.7,,,192,22.8,46.3,1030.2
26/03/2020,4,-0.5,9.3,,,188,13.8,27.8,1030.9
27/03/2020,3.3,-2.1,9.1,,,184,7.7,18.5,1029
28/03/2020,3.5,0.3,7.8,,,32,17,46.3,1023.1
29/03/2020,1.6,-1,4,,,348,24.5,48.2,1031.4
30/03/2020,2.3,-0.5,5.2,,,4,18.3,42.6,1026.9
31/03/2020,2.3,-3.1,6.8,,,227,16.5,42.6,1025.5
01/04/2020,5.6,3.4,7.8,,,236,19.1,44.5,1008.5
02/04/2020,5.8,4.5,7.4,,,229,31.3,74.1,994.4
03/04/2020,5.3,3.2,6.9,,,278,27.5,61.1,998.4
04/04/2020,4.3,1.9,7,,,232,14.9,31.5,1018.5
05/04/2020,7.3,4.3,11.2,,,185,15.3,29.6,1027.5
06/04/2020,8.2,2.8,14.3,,,162,14.6,33.3,1022.6
07/04/2020,8.9,6.3,12.3,,,238,17.7,40.8,1025.4
08/04/2020,8.2,3.8,12.4,,,199,15.4,35.2,1025.3
09/04/2020,8.3,5,10.6,,,291,15.9,33.3,1020
10/04/2020,5.2,-0.1,10.2,,,322,7.4,18.5,1024.9
11/04/2020,4.3,-0.5,8.7,,,176,12.1,33.3,1024.1
12/04/2020,7.7,5.8,9.8,,,219,24.4,53.7,1008.5
13/04/2020,5.9,3.2,7.7,,,322,27.4,57.4,1010.3
14/04/2020,4.8,0.5,8.3,,,304,19.4,37,1016.5
15/04/2020,9,6.7,12,,,253,25.9,57.4,1010.3
16/04/2020,9.5,6,11.8,,,291,21.4,51.8,1011
17/04/2020,6,1.6,10,,,359,13.5,27.8,1019.9
18/04/2020,5.6,0.9,10.1,,,11,14.6,29.6,1022.8
19/04/2020,7.2,0.9,12.8,,,5,11.2,24.1,1026.6
20/04/2020,9.4,2.6,15.7,,,15,11.4,24.1,1029.7
21/04/2020,10.9,4.4,17.2,,,32,10.1,24.1,1032.1
22/04/2020,11.5,4.5,17.8,,,344,7.6,20.4,1031.1
23/04/2020,10.7,4.8,15.8,,,236,10,25.9,1022.6
24/04/2020,8.7,4.2,13,,,31,16.2,42.6,1008.7
25/04/2020,7.9,4.2,11.1,,,349,15.8,33.3,1010.2
26/04/2020,7.5,2.6,12.1,,,213,10.8,24.1,1008.8
27/04/2020,6.7,4.9,8.2,,,189,11,27.8,1006.2
28/04/2020,5.9,3.3,8.4,,,320,10.7,31.5,1005.4
29/04/2020,4.7,2.3,7.5,,,74,11.4,25.9,1009
30/04/2020,3.9,2.3,5.3,,,94,14.5,38.9,1005.2
01/05/2020,7,4.3,10.2,,,106,6.5,20.4,999.5
02/05/2020,7.6,4.8,9.9,,,17,7.9,24.1,1001.4
03/05/2020,9.3,5.9,13.4,,,256,10.5,31.5,1008.7
04/05/2020,7.6,5.3,10.1,,,312,14.9,33.3,1014.2
05/05/2020,7.8,2.7,11.8,,,354,17.2,38.9,1019.9
06/05/2020,8.1,3,12.2,,,258,14.1,33.3,1018
07/05/2020,9.7,4.9,13.5,,,312,11.8,25.9,1017.4
08/05/2020,9.6,6.7,12.5,,,236,18.6,38.9,1013.1
09/05/2020,9.6,5.8,12.7,,,232,11.8,24.1,1013.5
10/05/2020,8.3,5.9,11,,,229,16.1,33.3,1006.5
11/05/2020,5.8,2.7,8.4,,,340,22.4,40.8,1010.6
12/05/2020,4.9,1.3,8.1,,,259,19.6,50,1006.3
13/05/2020,5.8,1.9,8.9,,,318,16.6,33.3,1011
14/05/2020,5.9,0.9,9.4,,,258,17.5,48.2,1012.9
15/05/2020,8.7,6.9,10.4,,,245,21.8,51.8,1009.8
16/05/2020,8.3,7.1,9.6,,,258,28.2,59.3,1008.5
17/05/2020,8.2,6.8,9.5,,,255,28,61.1,1009.6
18/05/2020,8.5,5.9,10.8,,,249,14.3,27.8,1013.9
19/05/2020,9.3,6.7,11.9,,,264,12.4,29.6,1014.4
20/05/2020,9.3,3.3,13.9,,,244,6.5,18.5,1022.3
21/05/2020,10.3,3.5,15.1,,,175,8,20.4,1024.6
22/05/2020,11.5,7.8,15.1,,,152,14.6,46.3,1020.3
23/05/2020,11,8.5,13.1,,,191,17.2,42.6,1013.3
24/05/2020,9.7,9.1,10.7,,,208,18.7,37,1012.7
25/05/2020,12.1,8.1,15.9,,,352,11.3,27.8,1025.1
26/05/2020,12.1,7.1,15.6,,,229,9.5,22.2,1033.6
27/05/2020,11.7,9.2,13.9,,,246,14,29.6,1029.9
28/05/2020,11.7,6.7,15.6,,,321,11,24.1,1030.6
29/05/2020,12.4,6,17.2,,,345,9.1,25.9,1030.2
30/05/2020,14.4,8.7,19.1,,,23,16.1,42.6,1029.2
31/05/2020,14.9,9,20.5,,,27,17.7,35.2,1030
01/06/2020,17,9.8,23,,,359,10.7,24.1,1027.7
02/06/2020,16.9,11.4,21.9,,,296,9,22.2,1018.7
03/06/2020,15,9.5,18.9,,,185,7.5,20.4,1008.8
04/06/2020,14.9,11,18.4,,,127,11.9,31.5,1000.2
05/06/2020,11.6,9.9,13.9,,,133,13,33.3,991.4
06/06/2020,10.7,7.5,14.2,,,165,14.1,42.6,992.1
07/06/2020,12.4,9.9,14.7,,,197,19,35.2,1003.4
08/06/2020,12.9,9.3,16.2,,,219,8.6,20.4,1011.3
09/06/2020,12.9,8.7,16.3,,,313,7.9,20.4,1017.9
10/06/2020,14.3,8.5,19.2,,,2,11.3,27.8,1019.4
11/06/2020,17.1,12.5,21.9,,,28,21.9,48.2,1019.8
12/06/2020,18,13.8,22,,,41,22.5,50,1018.7
13/06/2020,18.8,15.2,22.9,,,60,15,31.5,1019.8
14/06/2020,18.3,12.5,24.1,,,52,11.5,25.9,1020.6
15/06/2020,18.7,12.4,24.1,,,16,8.6,24.1,1017.2
16/06/2020,19.1,13.4,23.6,,,12,14.3,37,1013.8
17/06/2020,18.7,16,21.8,,,7,12.1,27.8,1013.3
18/06/2020,19.1,14.1,23.6,,,9,8.4,20.4,1013.8
19/06/2020,20.6,16.6,25.1,,,54,10.3,25.9,1013
20/06/2020,19.3,16.6,21.8,,,33,10.1,25.9,1015
21/06/2020,18,16.6,19.3,,,9,7.4,22.2,1017.2
22/06/2020,15.7,13.7,17.6,,,269,9.3,27.8,1018.4
23/06/2020,17.8,13.3,21.8,,,280,10.3,25.9,1022.6
24/06/2020,18.5,12.3,24.2,,,226,7.3,18.5,1026.8
25/06/2020,20.2,13.5,26.2,,,317,5.6,18.5,1026.2
26/06/2020,21,14.9,26,,,121,7,18.5,1019.8
27/06/2020,21.8,16.6,26.1,,,125,6.9,18.5,1011.3
28/06/2020,18.6,15.7,20.4,,,187,11.8,25.9,1008
29/06/2020,16.1,12.8,18.8,,,200,15.3,35.2,1007.3
30/06/2020,14.8,13.7,16.2,,,199,20.9,53.7,996.2
01/07/2020,15.7,13,18.1,,,231,21.2,46.3,997.5
02/07/2020,14.7,13.1,16.5,,,231,21.4,50,1003.2
03/07/2020,13.3,11.1,15,,,227,18.5,35.2,1008.8
04/07/2020,14.9,13.1,16.2,,,216,16,35.2,1003
05/07/2020,14.8,13.7,16.3,,,203,21.4,63,996.8
06/07/2020,13.9,12.1,15.2,,,227,29.3,63,994.9
07/07/2020,13,11.1,14.6,,,249,22.5,48.2,1006.4
08/07/2020,13,9.7,15.6,,,265,15.4,38.9,1007.4
09/07/2020,13.4,9.8,16,,,216,11.1,25.9,1010.4
10/07/2020,12.7,9.4,15.8,,,211,6.8,20.4,1008.4
11/07/2020,13.6,10,16.4,,,250,17.1,40.8,1012.4
12/07/2020,13.7,10.8,16,,,257,19.2,40.8,1019.1
13/07/2020,14.5,12.5,16.7,,,248,14.1,29.6,1019.1
14/07/2020,13.7,12.8,14.7,,,183,14.8,31.5,1012.6
15/07/2020,14.5,12.8,16.6,,,254,6.6,22.2,1010.7
16/07/2020,14.4,10,18.4,,,303,6.9,20.4,1014.5
17/07/2020,14.9,10.8,18.6,,,244,9.1,22.2,1018.2
18/07/2020,16.9,14.5,19.3,,,190,14.6,29.6,1018.4
19/07/2020,17.7,16.1,19.8,,,183,12.4,24.1,1014.9
20/07/2020,15.4,14.1,17.2,,,238,13.4,35.2,1012.9
21/07/2020,14.1,11.6,16.3,,,258,16.2,35.2,1014.5
22/07/2020,14.2,10.8,17,,,288,14.2,35.2,1016.5
23/07/2020,14.4,11,17.5,,,270,12,29.6,1013.1
24/07/2020,14,12.7,16.3,,,69,8.9,25.9,1004.4
25/07/2020,14,10.4,16.8,,,208,13.3,29.6,1008.2
26/07/2020,15.6,14.3,17.3,,,164,14.4,31.5,1006.4
27/07/2020,16,13.6,18.8,,,191,14.7,27.8,1013.1
28/07/2020,15.3,13.8,17,,,173,15,33.3,1004.6
29/07/2020,13.7,12.5,15.1,,,209,24.2,63,1004.5
30/07/2020,15.6,13.3,17.9,,,250,24.5,50,1010.7
31/07/2020,17.7,13.3,22.3,,,337,10.4,33.3,1016.4
01/08/2020,17.6,12.3,22.2,,,151,8.1,22.2,1016.9
02/08/2020,16.4,14.3,18.4,,,194,13.4,27.8,1009.7
03/08/2020,15.2,12.7,17.9,,,232,17,35.2,1009.2
04/08/2020,14.3,11.4,17.3,,,241,13.4,29.6,1011.5
05/08/2020,13.8,11,16.1,,,191,17.8,40.8,1012.8
06/08/2020,19.6,16.1,23,,,186,13.6,31.5,1019.7
07/08/2020,20.9,16.1,25.5,,,173,11,24.1,1023.6
08/08/2020,20.7,15.2,25.3,,,183,7.1,16.7,1022.3
09/08/2020,19.5,13,24.8,,,216,5,18.5,1021
10/08/2020,18.9,13,23.8,,,330,6.5,16.7,1021.3
11/08/2020,18.8,15.8,21.9,,,112,5.8,16.7,1024.5
12/08/2020,19.4,15.6,23.6,,,177,6.5,16.7,1023.3
13/08/2020,18.9,13.7,23.6,,,184,8.1,20.4,1018.5
14/08/2020,19.5,13,24.9,,,188,8.5,22.2,1014.7
15/08/2020,19.4,12.8,25.2,,,204,5.5,14.8,1015.9
16/08/2020,19.8,12.8,26.1,,,147,5.8,16.7,1016.1
17/08/2020,20.9,14,26.9,,,102,5.5,16.7,1013
18/08/2020,21,16.4,25.6,,,145,6.6,20.4,1009
19/08/2020,18.5,16.6,20.9,,,192,5.6,18.5,1009
20/08/2020,18.1,15.5,21.4,,,159,9.1,27.8,1009.5
21/08/2020,18.7,16.4,21.3,,,158,14.8,38.9,1009.1
22/08/2020,18.1,15.6,20,,,199,21.2,44.5,1005.9
23/08/2020,16.1,14.7,17.7,,,219,19,40.8,1004.1
24/08/2020,14.5,13,16.4,,,250,16.4,35.2,1006.9
25/08/2020,13.8,11,16.8,,,242,11.7,27.8,1007.6
26/08/2020,12.9,11.2,15.3,,,59,16,38.9,999.7
27/08/2020,14.7,12.6,17.7,,,341,9.6,24.1,1008.6
28/08/2020,13,10.3,15.9,,,78,8,27.8,1007.2
29/08/2020,13.3,12.1,15.4,,,36,15.7,38.9,1003.5
30/08/2020,14,10.6,17.4,,,9,9.9,20.4,1009.4
31/08/2020,13,10.1,16.4,,,5,14.8,29.6,1016.9
01/09/2020,13.4,8.1,18.8,,,24,10.2,22.2,1022.1
02/09/2020,14.3,10,18.4,,,39,9.4,25.9,1020.8
03/09/2020,14.3,10.8,17.9,,,140,9.2,27.8,1014.3
04/09/2020,15.2,13.5,17.1,,,216,19.1,40.8,1010.2
05/09/2020,13.4,12.2,15,,,220,19.5,44.5,1007.8
06/09/2020,12.8,10.8,14.9,,,234,17.7,42.6,1009.2
07/09/2020,13.1,10.2,16.3,,,250,12.2,38.9,1014.8
08/09/2020,15,12.6,16.9,,,235,26.2,55.5,1012.4
09/09/2020,15.2,13.5,17.3,,,228,24.9,61.1,1009.3
10/09/2020,13.2,11.4,15.4,,,278,16.6,42.6,1013
11/09/2020,12.4,10.1,14,,,211,17.5,40.8,1013.1
12/09/2020,13.6,12.2,14.5,,,218,22.3,44.5,1008.7
13/09/2020,13.5,11,15.9,,,218,21.2,40.8,1014.4
14/09/2020,17.5,15.5,20,,,213,18,33.3,1021
15/09/2020,16.1,13.9,19.5,,,201,8.7,18.5,1021.3
16/09/2020,14.4,10.8,17.6,,,281,16.2,40.8,1017.3
17/09/2020,10.6,7.2,14.3,,,332,14,33.3,1030.2
18/09/2020,12.1,7.9,16,,,228,13.3,31.5,1027.2
19/09/2020,13.7,10.8,17.7,,,193,4.7,13,1023.9
20/09/2020,13.6,11.6,15.9,,,194,9.1,24.1,1021.3
21/09/2020,13.5,11.8,15.2,,,204,16,33.3,1016.4
22/09/2020,13.4,11.5,15.4,,,202,15,31.5,1009.3
23/09/2020,14.7,11.5,18.3,,,179,13.6,29.6,1001.7
24/09/2020,15.3,13.1,17,,,180,20,50,997.3
25/09/2020,12.9,10.9,14.5,,,86,15.4,50,999.4
26/09/2020,14.6,13.3,16.1,,,54,15.7,46.3,997.4
27/09/2020,16.6,15.2,19,,,28,23.8,42.6,1008.7
28/09/2020,15.8,13.6,19.1,,,50,14,29.6,1012.2
29/09/2020,14.1,12,16.4,,,156,7.8,22.2,1015.7
30/09/2020,12.6,10.5,15.4,,,142,8.8,24.1,1016.4
01/10/2020,12.2,9.6,14.9,,,89,10.5,29.6,1012.1
02/10/2020,14.5,12.5,17.4,,,65,15.8,37,1009.4
03/10/2020,14.5,12.6,16.7,,,54,18.8,40.8,1006.4
04/10/2020,14.6,12.9,16,,,93,15.7,38.9,996.3
05/10/2020,12.7,10.8,15.5,,,132,9.3,24.1,1004.5
06/10/2020,12.1,10.4,14.1,,,128,11.1,25.9,996.8
07/10/2020,12.3,11.2,14.3,,,172,9,20.4,999.7
08/10/2020,11.8,10.3,13.5,,,199,14.7,31.5,1005.6
09/10/2020,11.7,9.5,13.8,,,218,17,40.8,1008.5
10/10/2020,9.9,7.7,11.6,,,195,9.2,24.1,1009.1
11/10/2020,8.5,6.8,10.8,,,198,5.8,16.7,1011.7
12/10/2020,8.9,5.9,12.7,,,199,5.9,20.4,1013.5
13/10/2020,8.3,6.4,11.1,,,52,9.1,22.2,1018.3
14/10/2020,7.2,5,9.8,,,19,24.1,46.3,1024.9
15/10/2020,6.9,4.7,9.3,,,15,19.7,37,1024.8
16/10/2020,7.1,4.5,10.1,,,15,12.4,29.6,1024.8
17/10/2020,6.6,2.4,10.1,,,196,9.3,31.5,1018.3
18/10/2020,7.4,3.4,10.5,,,333,12.9,33.3,1011.2
19/10/2020,4.3,-0.2,8.9,,,269,4.7,18.5,1015.4
20/10/2020,7.2,4.5,8.7,,,163,13.4,33.3,1011.7
21/10/2020,10.9,8.5,12.2,,,176,13.8,25.9,1001.8
22/10/2020,12.5,11.7,13.4,,,209,17.8,38.9,996.5
23/10/2020,10.5,8.4,11.5,,,218,15.6,42.6,1003.2
24/10/2020,10,8,11.5,,,202,14.5,33.3,1003.5
25/10/2020,11.5,9.3,12.9,,,179,22.9,50,999.2
26/10/2020,10.1,9.4,11,,,171,12.1,27.8,999.1
27/10/2020,9.5,8.4,10.8,,,179,19.5,44.5,998.6
28/10/2020,10.3,8.4,12.6,,,189,22.4,42.6,998.6
29/10/2020,9.1,7,11,,,202,10.3,31.5,1004.2
30/10/2020,7.7,6.1,9.1,,,150,8.1,20.4,1011.9
31/10/2020,10.2,8.5,11.4,,,179,12.2,24.1,1016.3
01/11/2020,11.5,10.7,12,,,176,21.7,44.5,1005.4
02/11/2020,13.7,11.7,15,,,194,34.6,61.1,993.7
03/11/2020,11,8.5,12.7,,,213,19.6,40.8,1009.3
04/11/2020,8.9,7,10.9,,,222,14.1,37,1017.1
05/11/2020,11,7.5,13.1,,,242,21.2,48.2,1022
06/11/2020,11.6,8,13.7,,,240,13.1,31.5,1026.1
07/11/2020,9.6,7.8,10.6,,,207,15.5,29.6,1023.9
08/11/2020,8.5,6.8,10.3,,,210,7.4,22.2,1024.4
09/11/2020,7,5.2,8.2,,,148,5.1,13,1029.3
10/11/2020,6.5,5.3,7.6,,,107,4.9,14.8,1030.8
11/11/2020,6.3,5.5,6.9,,,144,6.6,16.7,1027
12/11/2020,6,5,6.8,,,134,8.3,22.2,1019.9
13/11/2020,6.7,5.2,7.8,,,128,8.2,24.1,1015.3
14/11/2020,8.1,7.2,9.2,,,183,12.9,29.6,1012.9
15/11/2020,9.6,7.2,10.8,,,160,16.8,35.2,1006.2
16/11/2020,10.5,9.8,11,,,181,21,42.6,1001.5
17/11/2020,10.7,9.7,12.7,,,198,22.1,44.5,1009.4
18/11/2020,12.1,11.5,12.8,,,202,27.7,59.3,1009.3
19/11/2020,9.5,4.5,12.2,,,253,31.2,64.8,1000
20/11/2020,3.5,1.5,5.4,,,283,8.4,31.5,1021.9
21/11/2020,7.3,2.2,10.4,,,204,27.7,57.4,1012.6
22/11/2020,9.1,8.2,10.1,,,233,25.7,64.8,1006.9
23/11/2020,8.9,7.2,10,,,259,18,42.6,1012.6
24/11/2020,9.5,7.4,11.2,,,208,21,40.8,1012.9
25/11/2020,10,9.2,10.9,,,194,21.2,35.2,1012.3
26/11/2020,7.8,2.7,9.9,,,274,11.5,35.2,1013
27/11/2020,1.1,-0.3,2.5,,,36,4.2,13,1022.2
28/11/2020,-0.5,-1.5,0.9,,,39,5.8,13,1028.5
29/11/2020,-0.8,-1.5,0,,,28,6,16.7,1029.7
30/11/2020,1.9,-0.5,4.5,,,185,13.9,31.5,1017.9
01/12/2020,3.3,1.9,4.1,,,95,7.8,27.8,1018.2
02/12/2020,2,0.8,3.1,,,137,6.6,25.9,1020.3
03/12/2020,2.9,2.2,3.9,,,153,14.5,37,1004.1
04/12/2020,2.9,2.1,3.8,,,93,9.9,25.9,998.7
05/12/2020,3.8,3,4.8,,,72,9.2,24.1,1002.4
06/12/2020,4.5,3.6,6.1,,,71,9.8,24.1,1007.8
07/12/2020,6.4,5.6,7,,,85,12.8,29.6,1005.5
08/12/2020,5.6,3.8,6.8,,,99,8,25.9,1010.4
09/12/2020,3.9,3.5,4.2,,,95,8,24.1,1014.9
10/12/2020,3.4,2.2,4.3,,,104,8.9,24.1,1013.4
11/12/2020,2.3,1.6,2.9,,,77,9.4,25.9,1007.1
12/12/2020,3,1.9,4,,,53,10.4,25.9,1007.1
13/12/2020,3,2.5,3.6,,,82,5.5,14.8,1011.7
14/12/2020,3.8,2.4,5.7,,,143,11.1,40.8,1009.7
15/12/2020,6.5,5.5,6.9,,,177,14.9,33.3,1007.5
16/12/2020,5.9,5.6,6.3,,,194,11.1,20.4,1015
17/12/2020,6.5,5.5,7.5,,,175,14.4,31.5,1013.3
18/12/2020,7,6.3,8.1,,,192,17.1,35.2,1014.7
19/12/2020,7.6,6.5,8.5,,,177,18.2,37,1014.2
20/12/2020,7.3,6.8,7.9,,,181,18.3,37,1014.2
21/12/2020,6.9,5.7,7.8,,,186,17.8,33.3,1013.3
22/12/2020,6.2,5.1,7.1,,,183,13.3,37,1002.6
23/12/2020,5.6,3.8,6.6,,,217,13.6,46.3,1006.6
24/12/2020,1.9,-0.8,3.5,,,4,14.8,33.3,1009.3
25/12/2020,-0.8,-3.3,1.2,,,354,12.6,27.8,1017.6
26/12/2020,0.9,-3.1,5,,,173,14.7,48.2,1008.1
27/12/2020,5.9,4.5,7.3,,,181,32.6,70.4,984.8
28/12/2020,4.6,3.7,5.6,,,127,13.1,44.5,984.9
29/12/2020,3.6,2.9,4.3,,,54,10.4,25.9,987.6
30/12/2020,2.6,2.1,3.2,,,109,6.1,18.5,993.9
31/12/2020,2.1,1.7,2.6,,,108,6.5,18.5,998.8
01/01/2021,1.2,-0.5,2,,,106,6.1,18.5,1006.3
02/01/2021,-0.3,-1.1,0.2,,,32,6.9,14.8,1015
03/01/2021,-0.8,-2,-0.2,,,25,13.5,24.1,1027.1
04/01/2021,-1.4,-2,-0.8,,,20,18.8,31.5,1029.5
05/01/2021,-0.4,-1.3,0.2,,,21,19.5,31.5,1028.6
06/01/2021,-0.7,-1.2,0,,,19,23.8,38.9,1021.4
07/01/2021,-0.1,-1,0.5,,,22,20.8,35.2,1014
08/01/2021,-0.4,-0.7,-0.1,,,18,18.8,29.6,1015.2
09/01/2021,-1.1,-1.9,-0.5,,,61,8.4,24.1,1021.3
10/01/2021,1,-1.3,2.3,,,203,17.2,38.9,1014.1
11/01/2021,3.5,0.5,6.1,,,194,22.2,44.5,1000.3
12/01/2021,1.8,-0.9,4.4,,,237,9.1,25.9,993.7
13/01/2021,-1.1,-2.3,-0.2,,,6,18.2,44.5,1002.8
14/01/2021,-1.9,-4.3,-0.7,,,14,22,48.2,1022.3
15/01/2021,-5.7,-7.8,-4.2,,,10,9.5,20.4,1027.5
16/01/2021,-6.5,-8.5,-4.1,,,19,4.8,13,1023.3
17/01/2021,-4,-6.1,-2.5,,,145,5.5,14.8,1019.2
18/01/2021,-0.9,-2.7,1.1,,,170,11.1,24.1,1012.5
19/01/2021,1,0.5,1.7,,,157,10,22.2,1001.9
20/01/2021,2.8,0.6,5.5,,,140,11.1,37,991.7
21/01/2021,6.1,5.3,6.9,,,183,28,68.5,983.9
22/01/2021,5.7,4.8,6.5,,,188,27.5,63,978.8
23/01/2021,4.3,2,6.2,,,191,18.2,51.8,991.3
24/01/2021,1.7,0.6,2.6,,,135,6.3,16.7,995.3
25/01/2021,-0.3,-2,0.6,,,24,8.1,18.5,999.7
26/01/2021,-2.7,-4.7,-0.7,,,353,5,14.8,1008.3
27/01/2021,-2.6,-4.8,-0.5,,,232,5.8,18.5,1007.1
28/01/2021,-3.1,-6.1,-1.4,,,1,13.1,29.6,1005
29/01/2021,-5.8,-7.7,-3.8,,,17,9.3,22.2,1003.1
30/01/2021,-5.1,-6.6,-2.6,,,0,4.1,16.7,1001.7
31/01/2021,-5.6,-8.1,-2.6,,,24,2.8,9.3,999.2
01/02/2021,-2.3,-5.2,-0.5,,,193,6.2,20.4,999.8
02/02/2021,-2.6,-4.1,-1.4,,,30,9.2,22.2,1003.1
03/02/2021,-4.2,-6.6,-3.2,,,25,16,33.3,1008.7
04/02/2021,-7.1,-9.7,-5.4,,,19,17.2,33.3,1020
05/02/2021,-9,-11.1,-6.5,,,26,10.8,24.1,1027.3
06/02/2021,-8.2,-9.8,-5.8,,,29,12.3,25.9,1030.3
07/02/2021,-7.8,-10,-5,,,31,14.1,29.6,1027.2
08/02/2021,-7.1,-9.5,-4.7,,,26,18.5,35.2,1021.4
09/02/2021,-5.9,-6.8,-4.7,,,21,22.8,38.9,1017.8
10/02/2021,-5.8,-7.2,-4,,,20,18.8,33.3,1020
11/02/2021,-7.1,-10.4,-5.3,,,15,17.1,33.3,1032.9
12/02/2021,-8.1,-11.2,-4.1,,,10,9.6,18.5,1039.8
13/02/2021,-7,-10.3,-2.6,,,348,4.8,13,1040.8
14/02/2021,-6.8,-9.5,-2.9,,,202,4.8,14.8,1038.1
15/02/2021,-3.6,-6.7,-0.8,,,158,11.4,29.6,1028.3
16/02/2021,-1.3,-2.1,-0.6,,,133,7.2,20.4,1017
17/02/2021,0,-1,0.9,,,87,11.5,27.8,1012.3
18/02/2021,0.8,-1,2.7,,,140,13,31.5,1014.8
19/02/2021,2.8,2.1,3.3,,,169,11.6,31.5,1009.7
20/02/2021,3.5,2.2,4.5,,,174,16.9,31.5,1014.1
21/02/2021,5.6,4.1,7.9,,,173,13.7,27.8,1014.2
22/02/2021,5.3,2.7,8.4,,,151,8.3,22.2,1018.2
23/02/2021,5,3.8,5.9,,,194,14.1,27.8,1023.4
24/02/2021,6.9,4.7,8.7,,,194,21.3,37,1020.6
25/02/2021,7.9,5.9,8.9,,,205,21.1,37,1017.2
26/02/2021,6.6,2.2,8.8,,,269,18.5,40.8,1021
27/02/2021,3.1,-0.2,6.1,,,229,7.6,18.5,1032.3
28/02/2021,4.1,1.3,7.5,,,208,6.2,13,1032.3
01/03/2021,4.4,1.2,7.8,,,222,12.4,24.1,1030.4
02/03/2021,4.3,1.8,7.4,,,203,7.7,18.5,1031.1
03/03/2021,2.8,1.1,4.7,,,206,9.7,20.4,1024
04/03/2021,1.4,-1.7,3.2,,,1,17.1,35.2,1019.9
05/03/2021,0.1,-2.7,3.8,,,327,10.3,22.2,1024.9
06/03/2021,2.2,-1.9,5.4,,,240,18.1,44.5,1020.1
07/03/2021,3.1,-1.7,4.9,,,335,19.3,44.5,1016
08/03/2021,-0.9,-3.8,2.7,,,341,8.1,20.4,1023.1
09/03/2021,-0.4,-3.3,2.9,,,231,10.1,22.2,1019.5
10/03/2021,-0.6,-3.5,2.2,,,117,13.2,44.5,1017
11/03/2021,1.6,-0.7,4.4,,,167,25.9,53.7,987
12/03/2021,4.9,3.7,5.7,,,219,22.5,44.5,987.5
13/03/2021,3.7,2.2,4.9,,,161,12.9,25.9,988.1
14/03/2021,3.2,1.2,5.2,,,298,13.4,29.6,994
15/03/2021,3.3,0.3,4.6,,,23,15.8,37,1002.2
16/03/2021,2.4,-1.2,6.3,,,8,9.1,18.5,1016.6
17/03/2021,2.2,-0.5,6.1,,,13,13.7,25.9,1023.7
18/03/2021,1.8,-1.2,5,,,6,13,27.8,1022.7
19/03/2021,0.2,-2,2.4,,,18,13.7,29.6,1028.2
20/03/2021,3,-1.7,6.7,,,214,17.1,33.3,1016.3
21/03/2021,5,1.4,7.4,,,339,18.2,37,1012
22/03/2021,3.8,-1.2,7.9,,,223,9.9,22.2,1015.5
23/03/2021,5.2,1.3,8.8,,,199,12.1,25.9,1016.9
24/03/2021,5.9,4.1,7.5,,,207,19.9,35.2,1014.8
25/03/2021,5.8,5,6.8,,,206,17.3,33.3,1014.1
26/03/2021,6,5.1,7.1,,,181,17.9,33.3,1013.3
27/03/2021,5,3.8,6.9,,,208,15.3,31.5,1008.2
28/03/2021,4.9,3,6.6,,,212,21.4,38.9,1013.7
29/03/2021,7.7,5.5,9.6,,,203,24.1,44.5,1014.4
30/03/2021,10.2,8.1,12.7,,,217,23.6,38.9,1020.6
31/03/2021,8.8,7.2,10.5,,,221,16.7,31.5,1019.1
01/04/2021,6.4,4,8.6,,,357,17,35.2,1020.5
02/04/2021,5,1.2,9.1,,,339,15,37,1018
03/04/2021,4.5,1.4,7.1,,,342,17.8,33.3,1023.4
04/04/2021,4.6,1.2,7.7,,,212,23.5,55.5,1009.5
05/04/2021,3.7,1.7,6.2,,,287,27.5,51.8,989
06/04/2021,4,1,6.7,,,288,18.2,38.9,993
07/04/2021,4.1,1.2,6.9,,,325,13.1,25.9,1000.4
08/04/2021,3.4,0,5.5,,,261,18.6,50,1008.3
09/04/2021,5.7,3.2,8.4,,,221,37.7,75.9,999.1
10/04/2021,4.8,2.8,6.6,,,237,20.6,38.9,1009.8
11/04/2021,2,0.1,4.7,,,93,11.4,33.3,1014.2
12/04/2021,3.3,1.2,5.2,,,220,16.8,37,1013.2
13/04/2021,3.6,1.8,5.6,,,276,16.9,33.3,1019.6
14/04/2021,3.6,-0.9,7.4,,,350,9.2,22.2,1027.4
15/04/2021,4.7,-0.1,9.1,,,17,14.2,31.5,1032.2
16/04/2021,6.1,0.9,10.9,,,22,16.8,33.3,1030.6
17/04/2021,8,3.2,13.2,,,26,20.1,37,1028
18/04/2021,10,4.4,15.9,,,34,17.7,33.3,1026.5
19/04/2021,10.5,4,16.6,,,37,12.5,24.1,1025.1
20/04/2021,9.4,3.2,14.7,,,158,8.8,20.4,1018.7
21/04/2021,7,5.7,9.1,,,258,21.3,44.5,1008.1
22/04/2021,7.4,5.2,9.1,,,325,29.2,55.5,1012.4
23/04/2021,6.1,4,7.6,,,325,20.4,40.8,1021
24/04/2021,4.6,2.2,6.1,,,335,20.5,40.8,1024.5
25/04/2021,4.5,1.6,6.5,,,337,20.6,38.9,1024.8
26/04/2021,5,2.1,7.1,,,334,14.1,27.8,1021.6
27/04/2021,5.6,2.5,8,,,313,10.1,22.2,1017.5
28/04/2021,6.8,4.1,9,,,310,8.7,18.5,1013.2
29/04/2021,8,4.5,11,,,68,21.1,42.6,1009.8
30/04/2021,7.7,4.7,10.3,,,9,16.2,31.5,1013.1
01/05/2021,7.1,3.6,9.5,,,259,8.9,18.5,1015.5
02/05/2021,8,4.4,10.6,,,337,9.7,22.2,1014.2
03/05/2021,7.3,6,8.4,,,245,14,31.5,1011
04/05/2021,5.8,4.8,6.6,,,120,21.9,48.2,996.9
05/05/2021,6,4.3,7.9,,,60,22.3,38.9,986.9
06/05/2021,5.1,3.6,6.8,,,11,19.4,38.9,997
07/05/2021,6,4.4,7.5,,,323,9.4,20.4,1005.2
08/05/2021,7.4,5.5,9.1,,,213,16.8,35.2,1011.2
09/05/2021,9.4,7.3,12.5,,,155,27.6,46.3,1005.3
10/05/2021,14,11.7,16.7,,,165,23.4,38.9,1004.3
11/05/2021,10.9,9,13.7,,,83,13.4,33.3,1011.7
12/05/2021,11.1,9.7,12.8,,,326,16.8,35.2,1005.9
13/05/2021,13.3,11,15.7,,,339,11.8,24.1,1005.7
14/05/2021,13.9,12,16.1,,,158,10,18.5,1003.2
15/05/2021,11.6,10.6,12.4,,,179,15.2,25.9,1001.9
16/05/2021,11.6,10.4,12.7,,,113,13.2,24.1,1002.5
17/05/2021,11.9,11.1,12.8,,,169,14.2,27.8,1001.4
18/05/2021,11.8,10.9,12.8,,,223,14.9,25.9,1006.7
19/05/2021,11.2,10.5,11.9,,,254,21.9,35.2,1010.5
20/05/2021,11,9.9,11.7,,,248,27.8,46.3,1010.6
21/05/2021,11.2,9.9,12.6,,,183,19.8,35.2,1002.9
22/05/2021,12.1,11.2,13.3,,,168,23.9,38.9,997.7
23/05/2021,12,11.1,12.5,,,186,23.5,48.2,1001.1
24/05/2021,12,10.4,13.4,,,182,21.7,46.3,1013
25/05/2021,12.3,11,14.3,,,86,27.6,44.5,1009.9
26/05/2021,11,10,12,,,101,16.4,40.8,1006
27/05/2021,10.3,8.4,12.6,,,23,17.5,33.3,1011.7
28/05/2021,11.9,9.3,14.2,,,316,15.1,33.3,1019
29/05/2021,13.9,10.1,17.5,,,330,12.6,25.9,1023.2
30/05/2021,15.7,12.6,18,,,258,9.6,20.4,1027.2
31/05/2021,14.4,12.5,15.9,,,256,12,20.4,1023.5
01/06/2021,15.9,12,19.5,,,57,14.7,35.2,1021.6
02/06/2021,15.7,12.1,18.1,,,85,20.7,46.3,1025.1
03/06/2021,17.2,13.7,19.9,,,117,19.6,37,1026.8
04/06/2021,17.7,14.7,19.9,,,143,12.9,24.1,1025.3
05/06/2021,18.2,15.5,20.2,,,232,8.3,18.5,1023.4
06/06/2021,18.3,15.8,20.5,,,252,9.3,20.4,1021.8
07/06/2021,16.3,14,17.4,,,234,12.5,24.1,1021.8
08/06/2021,14.8,13,16.4,,,251,18.8,29.6,1020.9
09/06/2021,15.7,14.2,17.4,,,251,19.7,29.6,1019.1
10/06/2021,16,14.4,17.9,,,241,17.9,27.8,1017.5
11/06/2021,17.1,15.6,18.6,,,226,18.4,38.9,1013.8
12/06/2021,15.5,14.4,16.7,,,274,38.7,63,1008.1
13/06/2021,14.9,13.3,16.1,,,286,27.5,48.2,1017.1
14/06/2021,14.5,13.4,15.6,,,236,33.2,63,1015
15/06/2021,13.7,12.3,14.5,,,269,37,57.4,1015.8
16/06/2021,14.1,11.7,16.3,,,224,17.4,31.5,1018.1
17/06/2021,19,14.3,23.7,,,155,21.1,35.2,1015.9
18/06/2021,20.4,18.4,22,,,233,17.2,37,1013.8
19/06/2021,20.1,17.5,22.7,,,160,17.8,37,1011.3
20/06/2021,18.3,15.6,21.4,,,182,17,48.2,1008.8
21/06/2021,15.3,13.9,18.7,,,243,18.9,38.9,1008.1
22/06/2021,15.8,13.8,17.6,,,296,11.5,20.4,1011.2
23/06/2021,17.1,15.2,18.9,,,326,14.2,25.9,1017.4
24/06/2021,15.6,13.6,17.6,,,271,13.4,22.2,1018.6
25/06/2021,15.5,13.8,17.1,,,265,12.4,24.1,1015.9
26/06/2021,16.2,15.1,17.9,,,264,14.4,25.9,1017.7
27/06/2021,16,14.7,17.7,,,228,18.7,25.9,1016
28/06/2021,16,14.1,18.1,,,234,17.8,27.8,1014.8
29/06/2021,16.1,13.9,18.3,,,245,13.8,22.2,1012.2
30/06/2021,17.3,14.2,20.3,,,50,17.1,38.9,1011.3
01/07/2021,16.6,15,18,,,51,27.6,50,1012.7
02/07/2021,19.7,16.4,23.5,,,64,20.9,37,1013.3
03/07/2021,21.8,18.2,24.8,,,38,12.4,25.9,1013.6
04/07/2021,20.3,19,21.8,,,127,13.1,27.8,1011.9
05/07/2021,20.5,18.7,22.9,,,135,13.7,25.9,1009.5
06/07/2021,19.4,17.7,21,,,183,17.6,37,1007.9
07/07/2021,18.5,17.6,19.2,,,204,22.1,33.3,1013.1
08/07/2021,19.2,17.2,21.2,,,195,13.7,24.1,1020.8
09/07/2021,20,17.8,22.1,,,42,11.4,27.8,1020.2
10/07/2021,17.7,17,19,,,332,22.1,42.6,1011.4
11/07/2021,17.3,15.7,18.8,,,239,22,37,1016.8
12/07/2021,19.7,16.4,22.8,,,102,10.8,24.1,1018.2
13/07/2021,22.1,19,24.7,,,74,18.6,33.3,1014.4
14/07/2021,23.1,20.7,25,,,35,12.6,25.9,1011.9
15/07/2021,22.3,20.4,24.2,,,319,10.2,22.2,1012.4
16/07/2021,23.3,20,26.7,,,357,14.3,25.9,1017
17/07/2021,21.7,19.9,23.7,,,269,16.5,38.9,1017.7
18/07/2021,18.7,17.8,20.4,,,285,30.6,53.7,1014
19/07/2021,19.3,16.4,21.5,,,346,14.8,25.9,1015.9
20/07/2021,18.3,16.3,19.8,,,263,23.7,37,1013.5
21/07/2021,18.7,16.8,20.3,,,234,11.5,22.2,1018.6
22/07/2021,19.2,17.3,20.8,,,223,15.5,27.8,1018.5
23/07/2021,18.5,16,20.3,,,238,11.2,20.4,1016.8
24/07/2021,20.7,17.2,23.9,,,359,9.3,24.1,1016.2
25/07/2021,22.3,18.9,25.4,,,111,13.7,29.6,1015.1
26/07/2021,21.7,19.4,23.3,,,100,19.5,38.9,1013.5
27/07/2021,20.8,19.6,21.7,,,150,15.4,31.5,1009.6
28/07/2021,19.1,18.1,20,,,200,19.9,31.5,1006.7
29/07/2021,16.8,16,18.2,,,210,26.8,48.2,1000.5
30/07/2021,17.5,16.4,18.4,,,260,38.4,59.3,997.2
31/07/2021,17.7,16.6,18.5,,,225,27.8,42.6,997.6
01/08/2021,16.7,15.3,17.5,,,242,35.4,57.4,998.8
02/08/2021,16.2,14.8,17.6,,,329,18.3,33.3,1003.4
03/08/2021,16.1,14.4,17.6,,,177,12,24.1,1010.2
04/08/2021,16.2,14.5,17.4,,,254,11,24.1,1013.9
05/08/2021,17,14.8,19.1,,,57,8.7,20.4,1013.7
06/08/2021,18.3,15.6,20.5,,,105,20.1,38.9,1009.5
07/08/2021,17.4,15.5,18.8,,,117,17.3,29.6,1005.1
08/08/2021,17.1,15.8,18.2,,,163,15.9,27.8,1003.3
09/08/2021,17.3,16.5,18.4,,,215,22.3,35.2,1010.3
10/08/2021,17,16.3,17.7,,,180,14,24.1,1012.7
11/08/2021,17.6,16.8,18.7,,,252,13.6,27.8,1014.3
12/08/2021,18.3,17.1,19.3,,,224,17.1,25.9,1018.2
13/08/2021,19.1,17.6,19.7,,,206,19.2,44.5,1015.5
14/08/2021,17.2,16.5,17.9,,,253,38,63,1010.2
15/08/2021,16.6,15.9,17.3,,,261,36.5,61.1,1006
16/08/2021,15.4,14.3,16,,,3,12.2,27.8,1001.8
17/08/2021,15.4,13.9,17,,,341,24.7,50,1000.3
18/08/2021,16.9,16.3,17.4,,,283,29.2,55.5,998.1
19/08/2021,16.8,16.2,17.6,,,268,24.4,38.9,1000.6
20/08/2021,16.3,15.9,16.7,,,266,24.4,37,1008.9
21/08/2021,16.5,15.2,17.5,,,244,11.8,22.2,1016.8
22/08/2021,16.8,15.4,18.6,,,27,9.3,22.2,1020.4
23/08/2021,17.4,15.2,19.5,,,11,11.1,25.9,1025.6
24/08/2021,16.9,15.4,18.4,,,227,12.3,33.3,1027.4
25/08/2021,17.9,15.6,19.3,,,320,25.3,44.5,1012.1
26/08/2021,14.4,13.4,16.1,,,16,36,70.4,1011.8
27/08/2021,14.6,13.1,16.3,,,44,35.8,61.1,1018.4
28/08/2021,14.3,13.6,15,,,36,27,48.2,1021.5
29/08/2021,16.4,13.6,19.4,,,36,20.2,35.2,1021
30/08/2021,16.9,13.7,19.7,,,37,15.9,35.2,1022.3
31/08/2021,18.1,14.7,21.2,,,13,12.4,27.8,1022.7
01/09/2021,16.5,14.2,18.2,,,1,11,22.2,1024.5
02/09/2021,16.5,14,18.3,,,268,13.3,29.6,1023.9
03/09/2021,16.1,13.7,18.1,,,28,14.3,24.1,1017.4
04/09/2021,14.7,12.9,16.6,,,70,12.8,20.4,1021.7
05/09/2021,14.6,12,17,,,189,14.2,24.1,1026.1
06/09/2021,15.1,13.7,16.3,,,221,14.9,24.1,1024.3
07/09/2021,15.9,14.6,16.9,,,239,19.2,31.5,1021.6
08/09/2021,17,16,18.3,,,247,22.8,35.2,1017.5
09/09/2021,17.9,16.4,19.6,,,214,15.7,25.9,1013.6
10/09/2021,18.4,16.3,20.8,,,161,12.8,22.2,1012.2
11/09/2021,17.1,16.4,18.1,,,201,12.1,24.1,1010.8
12/09/2021,16.9,16.2,17.4,,,249,22.8,38.9,1008.5
13/09/2021,16.1,14.5,17.3,,,43,12.2,24.1,1014.6
14/09/2021,15.4,14.4,16.7,,,150,11.8,20.4,1017.5
15/09/2021,15.1,13.9,16.3,,,102,18.9,35.2,1016.3
16/09/2021,13.3,11.4,14.7,,,67,36.2,59.3,1011.6
17/09/2021,11.2,10.6,11.7,,,56,33.4,57.4,1015.8
18/09/2021,11.1,9.3,13.2,,,76,20.4,31.5,1022.1
19/09/2021,10.5,8.4,12.3,,,76,18.4,29.6,1024.5
20/09/2021,10,8.7,11.4,,,71,14.1,22.2,1025.9
21/09/2021,11.1,9.3,13.3,,,195,15.8,29.6,1022.6
22/09/2021,13.7,11.7,15.3,,,232,18.8,37,1019.8
23/09/2021,13.7,12.2,14.9,,,263,35.1,68.5,1000.4
24/09/2021,12.9,11.1,14.7,,,281,27.2,61.1,1001.9
25/09/2021,14,12.2,14.9,,,278,26.9,61.1,1007.9
26/09/2021,13.1,11.2,14.8,,,140,14.3,24.1,1018.8
27/09/2021,14.6,12.7,16.8,,,120,29.5,46.3,1017.3
28/09/2021,14.2,11.3,15.3,,,245,16.1,46.3,1019.3
29/09/2021,12.3,9.7,14.6,,,97,17.1,38.9,1018.4
30/09/2021,12.4,11.4,13.9,,,96,26.2,44.5,1012.1
01/10/2021,12.2,11.5,12.9,,,175,40.4,68.5,1011.7
02/10/2021,12.4,11.9,13.2,,,155,31.9,53.7,1009.3
03/10/2021,13.7,11.8,14.7,,,147,39.7,66.7,1000.3
04/10/2021,13.2,12.6,14.3,,,182,28.4,46.3,1010.6
05/10/2021,13,12.1,14.6,,,132,23.8,38.9,1012.4
06/10/2021,12.5,11.2,13.7,,,171,18.1,25.9,1011.1
07/10/2021,12.7,11.7,13.8,,,198,17.1,25.9,1026.9
08/10/2021,12.6,11.4,13.8,,,186,17.4,24.1,1033.8
09/10/2021,11.8,11.2,12.5,,,196,16.2,22.2,1034.1
10/10/2021,11.4,10.4,12,,,204,23.9,37,1025.1
11/10/2021,11.3,9.8,12.5,,,284,28.9,42.6,1012.3
12/10/2021,8.1,5.6,10.1,,,347,16.8,37,1013.1
13/10/2021,7.3,4.4,9.4,,,115,10.3,18.5,1017
14/10/2021,11.5,8.9,12.7,,,249,29.6,50,1009.5
15/10/2021,11.3,10.1,12.4,,,295,29.6,61.1,1001.9
16/10/2021,10.8,9.8,11.5,,,277,38.2,59.3,1009.9
17/10/2021,9.5,6.2,10.7,,,301,18.4,48.2,1013.4
18/10/2021,6.1,3.3,8.4,,,87,11.8,25.9,1021.8
19/10/2021,8.6,5.7,11.9,,,146,27.9,42.6,1013
20/10/2021,12.8,11.7,13.8,,,231,31.1,50,991.4
21/10/2021,10,8.7,12,,,267,32,61.1,981.8
22/10/2021,8.4,7.9,9,,,296,34.4,61.1,992.8
23/10/2021,8.3,6.6,9.6,,,312,17.8,44.5,1015.7
24/10/2021,10.1,9.1,10.6,,,211,26.8,42.6,1021.7
25/10/2021,9.9,9.3,10.4,,,188,26,37,1014.1
26/10/2021,10.3,10.1,10.7,,,246,24.2,37,1010.6
27/10/2021,11.8,10.5,12.7,,,229,32,50,1008.3
28/10/2021,12.3,11.4,12.8,,,208,31.9,46.3,1011.9
29/10/2021,10.8,10.3,11.3,,,169,29.5,40.8,1008.9
30/10/2021,11,10.2,11.5,,,157,27.2,44.5,1006.1
31/10/2021,10.6,9.8,11.3,,,171,25.7,44.5,1003.2
01/11/2021,10.5,9.9,11.1,,,162,32.2,53.7,996.5
02/11/2021,9.1,8.1,10,,,133,18.9,37,999.7
03/11/2021,7.2,6.2,8.1,,,191,9.9,18.5,1001.9
04/11/2021,7.3,5.5,8.4,,,103,10.4,18.5,1007
05/11/2021,7,4.7,9.2,,,307,19.5,44.5,1008.1
06/11/2021,10.3,9.4,11,,,259,33.3,64.8,1008.6
07/11/2021,8.7,6.4,10.3,,,290,26.9,51.8,998.5
08/11/2021,3.8,2.2,6,,,75,15.1,25.9,1018.3
09/11/2021,6.9,2.4,10.5,,,190,34.1,51.8,1019
10/11/2021,10.4,9.3,10.9,,,247,25.7,44.5,1017.2
11/11/2021,8.9,8.2,9.5,,,259,26.3,50,1016.3
12/11/2021,8,7.2,8.9,,,197,18,33.3,1017.2
13/11/2021,7,5.7,7.4,,,82,21.3,33.3,1017.7
14/11/2021,5.2,4.2,5.9,,,71,16,25.9,1030.3
15/11/2021,5.4,4.3,6.4,,,152,16.1,24.1,1031.8
16/11/2021,6.3,5.9,6.7,,,185,17.5,25.9,1023.3
17/11/2021,6.8,5.8,7.7,,,226,28,44.5,1010.2
18/11/2021,8.7,7.6,10.7,,,265,31.6,51.8,1008.8
19/11/2021,11.3,10.3,12.2,,,275,43.6,77.8,1007.7
20/11/2021,9.4,8.2,10.2,,,285,24.2,53.7,1007.8
21/11/2021,4,0.3,7.6,,,17,16.1,27.8,1008.6
22/11/2021,3,-0.5,7.4,,,256,16.3,40.8,1019.1
23/11/2021,5.6,3.4,7.6,,,287,13.5,27.8,1018.3
24/11/2021,8.3,7.5,9.1,,,263,28.9,42.6,1012.6
25/11/2021,6,1.7,8,,,274,19.4,40.8,1000.3
26/11/2021,0.3,-0.5,1.2,,,87,16.8,31.5,995.1
27/11/2021,-0.1,-0.6,0.5,,,64,24.8,38.9,998
28/11/2021,0.2,-1.1,0.7,,,63,27.9,42.6,999.4
29/11/2021,-3.8,-4.9,-1.2,,,58,13.2,29.6,1006.3
30/11/2021,-3.7,-5.7,-2,,,92,21.9,50,994.5
01/12/2021,-4.7,-5.4,-3.8,,,77,26.7,57.4,991
02/12/2021,-5,-7.9,-2.7,,,32,19.9,51.8,992.9
03/12/2021,-6.1,-7.7,-4,,,96,19.6,38.9,998.3
04/12/2021,-3.3,-4.1,-2.7,,,71,28,40.8,1001
05/12/2021,-5.1,-7.4,-3.4,,,62,25.5,40.8,1016.2
06/12/2021,-7.7,-8.6,-6.8,,,93,18.2,29.6,1019.8
07/12/2021,-5.2,-7.7,-3,,,114,26.5,37,1013.4
08/12/2021,-1.9,-3.2,-0.6,,,112,30.2,40.8,1008.5
09/12/2021,-0.5,-1,-0.2,,,106,20.7,31.5,1008.3
10/12/2021,-0.4,-1.2,0.2,,,81,14.5,22.2,1002.4
11/12/2021,0,-0.8,0.7,,,85,11,22.2,1009.6
12/12/2021,0.4,-0.8,1.7,,,133,16.3,25.9,1017.5
13/12/2021,3,1.6,5.5,,,167,20.2,31.5,1019.6
14/12/2021,5.3,5,6.1,,,240,19.1,33.3,1018.2
15/12/2021,7.4,6.1,7.9,,,247,31.8,46.3,1016.9
16/12/2021,6.8,5.6,7.7,,,294,25.9,42.6,1026.7
17/12/2021,4.3,3.6,5.5,,,284,7.1,18.5,1034.1
18/12/2021,4.8,4,5.5,,,259,11.4,25.9,1028.3
19/12/2021,3.8,1.2,5,,,345,24,42.6,1021.1
20/12/2021,-0.2,-2.2,1,,,6,15.1,35.2,1026.6
21/12/2021,-1.9,-3.2,-1,,,129,11.5,29.6,1025.4
22/12/2021,-0.8,-1,0,,,130,11.2,31.5,1021.1
23/12/2021,0.8,-1,2,,,169,5.6,20.4,1005.9
24/12/2021,-5.3,-11,1,,,9,14.5,37,1001.9
25/12/2021,-7.7,-12,1,,,359,2.8,25.9,1008.2
26/12/2021,-7.7,-11,-1,,,0,0.6,18.5,1011.5
27/12/2021,-2.9,-8,-1,,,117,11.8,38.9,1009.9
28/12/2021,-0.1,-1,1,,,110,11.5,38.9,999.8
29/12/2021,0.3,0,1,,,35,2.2,22.2,1002.8
30/12/2021,4.7,1,8,,,196,21.3,46.3,999.7
31/12/2021,6.2,5,7,,,234,15.6,35.2,1003.1
01/01/2022,3.5,1,6,,,129,12.1,42.6,1014
02/01/2022,6.7,6,8,,,209,14.5,38.9,1001
03/01/2022,6,5,7,,,215,21.4,46.3,991.8
04/01/2022,3.1,2,4,,,222,19.1,42.6,985.8
05/01/2022,0.5,-3,3,,,320,14.4,44.5,989.1
06/01/2022,-3.6,-8,1,,,4,5.6,35.2,1009.5
07/01/2022,1.7,-4,4,,,161,14.7,42.6,1003.3
08/01/2022,1.8,0,3,,,133,10.2,35.2,998.4
09/01/2022,0.9,0,1,,,92,14.1,38.9,1000.8
10/01/2022,0.4,-1,2,,,86,11.1,29.6,1024.1
11/01/2022,1.6,-1,4,,,167,19,42.6,1029
12/01/2022,4.8,2,7,,,227,17.9,50,1026.2
13/01/2022,7,6,7,,,258,30.1,75.9,1019.2
14/01/2022,5.8,1,8,,,294,24.5,79.6,1020.2
15/01/2022,-0.4,-5,4,,,222,6.7,27.8,1022.7
16/01/2022,4.9,4,6,,,238,26.2,72.2,1006.9
17/01/2022,3.2,-3,7,,,315,27.5,83.3,1014.6
18/01/2022,1.7,-5,6,,,244,12.1,42.6,1026.6
19/01/2022,4.9,0,6,,,223,27.9,59.3,1006.6
20/01/2022,1,0,2,,,332,33,68.5,1009.9
21/01/2022,0.5,-4,5,,,332,9.8,48.2,1020.1
22/01/2022,0.8,-3,4,,,144,6.2,22.2,1024.5
23/01/2022,4.4,2,6,,,226,11.4,33.3,1026.6
24/01/2022,5.7,5,6,,,242,20.1,50,1025.3
25/01/2022,2.4,-2,6,,,247,6.9,38.9,1024.3
26/01/2022,5.9,5,6,,,253,22.2,57.4,1013.5
27/01/2022,6,5,7,,,262,30.2,83.3,996.2
28/01/2022,3.8,0,6,,,296,15.5,46.3,1017.7
29/01/2022,6.2,4,8,,,230,33.1,98.2,992.2
30/01/2022,4.6,-3,7,,,319,31.6,90.8,1003.3
31/01/2022,-2.7,-6,0,,,16,2.9,18.5,1006.6
01/02/2022,-1,-4,1,,,40,5.7,35.2,995.3
02/02/2022,-1.8,-5,0,,,30,4.6,22.2,1004
03/02/2022,2.2,0,6,,,131,9,33.3,1005.9
04/02/2022,4.8,3,6,,,217,19.9,48.2,995.5
05/02/2022,4.3,3,5,,,242,26.6,61.1,995.7
06/02/2022,3.2,2,5,,,235,18,50,984.8
07/02/2022,3.6,0,6,,,283,16.7,42.6,1000.8
08/02/2022,5.4,4,7,,,248,25.3,61.1,1007.2
09/02/2022,5.1,4,7,,,237,25.8,63,1008.4
10/02/2022,4.4,3,6,,,247,19.7,53.7,1007.9
11/02/2022,0.8,-3,3,,,305,8,33.3,1017
12/02/2022,3.4,2,4,,,211,26.5,55.5,1018.5
13/02/2022,3.5,2,4,,,194,31.2,61.1,1003.8
14/02/2022,5.1,3,7,,,181,28.6,53.7,993.9
15/02/2022,5.1,4,6,,,202,26.9,51.8,994.9
16/02/2022,3.5,2,5,,,171,18.3,48.2,982.5
17/02/2022,3.3,2,5,,,314,20.6,50,977.2
18/02/2022,3.8,1,5,,,230,20.8,57.4,985.1
19/02/2022,2.4,0,5,,,287,14.2,38.9,987.3
20/02/2022,1.8,-2,6,,,188,14.8,53.7,990
21/02/2022,2.1,-1,6,,,305,23,64.8,977.5
22/02/2022,-0.5,-2,1,,,32,9,35.2,1002.5
23/02/2022,3.5,0,7,,,248,19.9,55.5,1006.7
24/02/2022,4,2,6,,,202,21.4,63,998
25/02/2022,3.5,1,6,,,256,14.3,42.6,1004.3
26/02/2022,0,-5,4,,,195,7.3,20.4,1031.4
27/02/2022,1.9,0,5,,,172,15,27.8,1036.4
28/02/2022,3.3,0,6,,,172,20.4,40.8,1032.9
01/03/2022,3.1,2,4,,,185,21.9,42.6,1028.2
02/03/2022,2.3,-3,7,,,247,6.2,16.7,1025.6
03/03/2022,1,-4,7,,,13,6.1,20.4,1024.8
04/03/2022,-0.7,-5,6,,,8,3,16.7,1027.2
05/03/2022,-1,-7,4,,,265,7.3,20.4,1026.5
06/03/2022,1.3,-3,7,,,344,4.5,22.2,1025.2
07/03/2022,-0.3,-5,6,,,333,3.2,14.8,1025.5
08/03/2022,-0.1,-5,2,,,238,4.3,18.5,1024.5
09/03/2022,0.9,-3,6,,,58,4.1,14.8,1027.4
10/03/2022,1.9,-4,6,,,149,11,37,1031.5
11/03/2022,3.3,-1,9,,,133,12,35.2,1029.4
12/03/2022,5.1,-1,13,,,132,13.2,33.3,1025.1
13/03/2022,6.5,-1,13,,,124,13.2,31.5,1024.7
14/03/2022,5.8,-1,13,,,121,9.8,31.5,1026
15/03/2022,1.6,-4,6,,,190,4.4,16.7,1025.1
16/03/2022,2.4,-1,6,,,207,4.6,18.5,1029.5
17/03/2022,3.8,0,7,,,138,17.7,55.5,1026.6
18/03/2022,4.8,-2,7,,,252,16.5,42.6,1039.4
19/03/2022,2.4,-4,10,,,328,4.6,14.8,1048.9
20/03/2022,3.3,-4,12,,,27,4.4,20.4,1043.6
21/03/2022,6.1,0,12,,,139,13.9,29.6,1036.9
22/03/2022,3.8,-2,10,,,216,6.7,24.1,1033.8
23/03/2022,2.5,-2,7,,,325,2.9,14.8,1033.1
24/03/2022,3.6,-3,9,,,189,7.4,24.1,1027.5
25/03/2022,5.5,-1,10,,,243,15.3,40.8,1023.3
26/03/2022,6.9,0,12,,,358,10.7,38.9,1026.4
27/03/2022,5.4,0,9,,,244,11.7,27.8,1025.1
28/03/2022,6.6,5,9,,,278,24,51.8,1012.8
29/03/2022,1.3,-3,7,,,5,6,22.2,1008.8
30/03/2022,-1,-6,5,,,21,7.8,25.9,1009.7
31/03/2022,-1,-8,6,,,349,4.5,24.1,1011.2
01/04/2022,-0.7,-7,5,,,12,7.6,29.6,1016.1
02/04/2022,-0.4,-7,5,,,334,7.6,27.8,1018.6
03/04/2022,1.8,-5,6,,,216,11.8,48.2,1010.1
04/04/2022,4.5,3,6,,,262,26,55.5,986.7
05/04/2022,1.8,-3,6,,,315,14.2,37,992.2
06/04/2022,-0.3,-4,3,,,65,9.3,33.3,989.2
07/04/2022,2.9,1,6,,,49,8.1,31.5,974.8
08/04/2022,2,0,4,,,302,18.9,44.5,979.8
09/04/2022,4,-2,7,,,280,20.4,42.6,988.9
10/04/2022,5.9,4,8,,,275,22.4,46.3,1002.4
11/04/2022,4.7,-1,8,,,293,12.6,33.3,1013.5
12/04/2022,3.9,-4,10,,,342,3.3,16.7,1020.3
13/04/2022,8.1,3,12,,,117,12.6,38.9,1017.3
14/04/2022,7.8,5,10,,,191,8.7,25.9,1015.7
15/04/2022,6.8,3,11,,,42,13.9,33.3,1028.3
16/04/2022,4.7,-2,11,,,307,7.7,22.2,1035.3
17/04/2022,5.6,0,10,,,242,8.8,20.4,1029.8
18/04/2022,6.5,-2,14,,,337,4.8,16.7,1022.5
19/04/2022,10.7,1,19,,,8,6.6,24.1,1019.6
20/04/2022,11.8,4,18,,,49,13.5,38.9,1021.5
21/04/2022,12.4,5,18,,,53,16.9,42.6,1020.8
22/04/2022,11.5,4,18,,,44,15.9,40.8,1019.1
23/04/2022,10.4,5,15,,,45,19.2,48.2,1017.3
24/04/2022,8.5,5,13,,,39,19.1,46.3,1015.6
25/04/2022,6.3,-1,12,,,333,10.5,29.6,1014.5
26/04/2022,7,-1,14,,,21,9,29.6,1016.8
27/04/2022,7.6,0,13,,,6,7.5,24.1,1024.5
28/04/2022,7.9,2,12,,,259,10.7,25.9,1026
29/04/2022,7.6,1,13,,,323,6.9,18.5,1026.3
30/04/2022,9.4,4,15,,,341,8,29.6,1023.5
01/05/2022,10,5,15,,,325,6.7,20.4,1021.6
02/05/2022,8,2,12,,,251,18.7,53.7,1015.5
03/05/2022,9.3,4,13,,,353,12.9,35.2,1016.1
04/05/2022,7.9,0,14,,,186,8.9,24.1,1017.3
05/05/2022,9.3,6,11,,,237,14.2,37,1017.8
06/05/2022,10.5,7,13,,,224,15.1,33.3,1019
07/05/2022,11,6,14,,,260,19,40.8,1017.4
08/05/2022,9.3,1,15,,,31,11.1,31.5,1025.6
09/05/2022,10.5,3,15,,,169,15.6,38.9,1027
10/05/2022,12,10,14,,,187,25.2,50,1012
11/05/2022,11,9,13,,,215,17.2,40.8,1004.2
12/05/2022,10.7,9,12,,,255,27,72.2,1005
13/05/2022,10.6,9,13,,,228,18.8,48.2,1008.1
14/05/2022,11.4,10,13,,,267,26.8,55.5,1010
15/05/2022,12.3,8,16,,,288,15.6,35.2,1019
16/05/2022,12.1,6,17,,,30,8.8,25.9,1021.8
17/05/2022,11.4,2,18,,,22,8.9,25.9,1024.1
18/05/2022,13.7,8,19,,,168,17.6,38.9,1023.8
19/05/2022,14,11,18,,,233,8.2,25.9,1016.7
20/05/2022,12.4,10,15,,,278,11.5,27.8,1014
21/05/2022,10.6,9,13,,,312,7.9,27.8,1010.7
22/05/2022,12.5,8,15,,,233,10.5,22.2,1012.9
23/05/2022,13.2,6,18,,,164,12.5,25.9,1009.5
24/05/2022,13,11,16,,,141,17.2,53.7,1001.6
25/05/2022,12.3,10,15,,,208,17.3,44.5,1006.5
26/05/2022,12,10,14,,,244,28.2,75.6,1004.1
27/05/2022,11,9,13,0,,269,25,59.4,1002.2
28/05/2022,12.1,9,16,1.1,,327,16.5,39.2,1005
29/05/2022,12,4,17,0,,171,10.1,37.4,1007.5
30/05/2022,11.5,7,14,3.2,,294,6.9,25.2,1011.2
31/05/2022,12.1,8,15,0,,298,5.7,33.8,1012.5
01/06/2022,12,8,15,0,,216,11.6,33.5,1011
02/06/2022,11.7,8,15,0,,245,12.2,43.2,1012
03/06/2022,12.9,12,15,0,,240,19.8,47.5,1016.3
04/06/2022,13.8,11,17,0,,251,8.6,32.8,1020.9
05/06/2022,14.8,8,19,0,,230,9.1,35.6,1019.5
06/06/2022,15.9,9,22,0,,75,7.9,38.2,1014.4
07/06/2022,15.9,14,19,0.2,,129,9.4,31.3,1009.5
08/06/2022,13.7,12,15,3.8,,193,18.6,39.6,1004.6
09/06/2022,15.8,11,20,0.3,,66,4.5,22,1010.1
10/06/2022,14.8,13,17,0.4,,228,13.5,32.4,1016.2
11/06/2022,15.8,14,19,0,,214,13.2,42.1,1016.9
12/06/2022,14.2,12,16,0,,226,18.2,45.4,1014.3
13/06/2022,14,12,16,0,,261,25.4,56.5,1011.1
14/06/2022,14.8,13,17,0,,268,22.1,46.3,1014.5
15/06/2022,14.8,12,18,0,,229,13.4,29.6,1017.1
16/06/2022,15.6,13,19,0,,237,11.2,27.8,1016.6
17/06/2022,15.7,12,19,3.7,,231,14.7,38.9,1017.7
18/06/2022,15.4,13,17,1.2,,249,25.6,57.4,1010.2
19/06/2022,14.2,12,17,0,,273,14.3,50,1009.6
20/06/2022,14.5,11,18,0,,311,9.4,31.5,1010.1
21/06/2022,14.2,8,17,0,,248,14.8,40.8,1009.2
22/06/2022,15.1,13,16,0,,240,14,37,1009.7
23/06/2022,15.5,13,18,0,,229,14.7,38.9,1013.8
24/06/2022,19.8,8,28,0,,128,9,25.9,1011.7
25/06/2022,21.5,19,24,0,,150,10.4,31.5,1011.8
26/06/2022,20.9,17,27,0,,29,6.8,27.8,1015.1
27/06/2022,19.8,14,25,0,,327,7.2,27.8,1014.7
28/06/2022,16.9,14,19,13.3,,274,15.2,31.5,1017.8
29/06/2022,17.3,9,22,0,,324,5,22.2,1019.4
30/06/2022,20.4,11,27,0,,11,5.7,27.8,1015.3
01/07/2022,20.3,16,24,0,,222,13.4,33.3,1012.5
02/07/2022,17.8,15,20,4.5,,232,19.5,40.8,1017
03/07/2022,16.7,14,20,0.2,,175,10.9,35.2,1016.8
04/07/2022,15.5,13,18,7.6,,218,10.9,42.6,1012.5
05/07/2022,15,13,18,0.6,,242,20.3,50,1013.2
06/07/2022,16,14,18,0.2,,264,17.7,46.3,1013.5
07/07/2022,17,14,21,4.3,,308,13.1,37,1011.3
08/07/2022,16.7,12,19,0,,263,15.2,40.8,1018.2
09/07/2022,16.9,15,19,0,,278,24.5,50,1014.4
10/07/2022,15.9,10,20,0,,332,13.9,40.8,1015.4
11/07/2022,15.6,9,22,0,,318,5.3,25.9,1019.4
12/07/2022,15.8,9,21,0,,277,7.8,25.9,1019.7
13/07/2022,18.3,16,21,0,,248,20.9,59.3,1011.7
14/07/2022,16,15,18,0,,271,28.1,59.3,1009.1
15/07/2022,15.5,11,18,0,,302,15.1,50,1011
16/07/2022,15.9,11,19,0,,292,14.8,42.6,1013.2
17/07/2022,15.6,11,19,0.2,,252,16.1,40.8,1019.3
18/07/2022,17.5,15,20,0.9,,221,16.6,35.2,1017.9
19/07/2022,19.2,14,23,0,,266,7.6,25.9,1017.9
20/07/2022,22.8,12,32,0,,159,13,35.2,1017
21/07/2022,22.5,17,29,0,,212,10.7,29.6,1012.5
22/07/2022,17.3,16,19,0,,168,8.4,29.6,1012
23/07/2022,16.1,14,18,0,,4,8.3,25.9,1013.5
24/07/2022,16.8,14,19,0,,210,17.1,37,1014.5
25/07/2022,18.1,17,20,33.8,,180,15.3,40.8,1006.1
26/07/2022,15.7,14,17,1.7,,249,22.7,70.4,1002.8
27/07/2022,17,14,20,0,,301,15.3,46.3,1009.3
28/07/2022,15.2,8,19,0,,304,7,20.4,1018.4
29/07/2022,17,9,22,0,,322,5.7,18.5,1021.2
30/07/2022,18,12,23,0,,241,8,20.4,1018.8
31/07/2022,19,17,22,0,,180,13.8,29.6,1014.3
01/08/2022,17.5,16,19,7.1,,240,14.7,37,1011.2
02/08/2022,15.7,12,18,3.7,,211,16.1,44.5,1013.3
03/08/2022,18.9,17,22,0.7,,197,19.6,46.3,1010.6
04/08/2022,18.9,13,26,15.7,,183,10.5,37,1012.3
05/08/2022,15.8,14,18,0,,241,14.3,50,1012
06/08/2022,15.6,14,18,0,,267,25,57.4,1017.2
07/08/2022,15,13,16,0.5,,241,15.9,44.5,1021.2
08/08/2022,16.1,12,19,0,,256,8.9,25.9,1023.6
09/08/2022,15.2,9,20,0,,241,7.2,22.2,1027.9
10/08/2022,17,13,21,0,,202,11.7,25.9,1026.6
11/08/2022,18.7,14,23,0,,221,9.9,29.6,1024.1
12/08/2022,18.8,13,24,0,,283,6,20.4,1022.7
13/08/2022,19.3,11,26,0,,318,4.3,18.5,1020.4
14/08/2022,20,12,27,0,,338,4.6,20.4,1015
15/08/2022,20.1,13,29,1.6,,79,8.7,33.3,1008.7
16/08/2022,20.9,17,25,0,,145,12.2,27.8,1006.3
17/08/2022,19.8,17,22,0,,225,10.1,24.1,1011.2
18/08/2022,19.2,16,26,0,,354,3.9,20.4,1012.9
19/08/2022,19.2,16,23,0,,328,4.9,24.1,1011.7
20/08/2022,18.2,16,20,0,,284,13,35.2,1012
21/08/2022,16.1,10,21,2.8,,199,12.7,37,1012.5
22/08/2022,16.5,12,19,0,,269,10.6,31.5,1017.5
23/08/2022,14.8,7,22,0,,355,2.7,18.5,1020.9
24/08/2022,18.1,12,24,0,,53,5.9,20.4,1023
25/08/2022,17.9,10,24,0,,331,5,20.4,1022.4
26/08/2022,19.7,16,24,0,,91,6.9,22.2,1016.4
27/08/2022,18,15,21,0,,8,2.6,20.4,1013.6
28/08/2022,16.5,14,20,0,,22,14.3,44.5,1015.1
29/08/2022,14.6,8,18,0,,27,13.5,37,1021.6
30/08/2022,12.6,6,20,0,,16,6.6,29.6,1025.4
31/08/2022,12.9,7,19,0,,354,5,27.8,1027.1
01/09/2022,12.2,5,19,0,,4,4.1,24.1,1025.2
02/09/2022,12.6,5,20,0,,66,5,22.2,1023.6
03/09/2022,14.6,9,20,0,,141,6.6,22.2,1023.4
04/09/2022,15.3,9,21,0,,88,6.4,24.1,1026.6
05/09/2022,15,8,21,0,,83,7.4,24.1,1029.7
06/09/2022,13.5,7,20,0,,78,6.2,20.4,1025.7
07/09/2022,11.8,4,19,0,,38,4.9,27.8,1020
08/09/2022,14.7,11,18,0,,85,16.3,46.3,1018.3
09/09/2022,13.1,11,16,2.4,,67,15.1,53.7,1013.8
10/09/2022,14.5,11,16,0,,63,9.3,29.6,1015.2
11/09/2022,13,8,19,0,,10,7.3,22.2,1017.2
12/09/2022,13.8,7,18,0,,158,11.9,46.3,1013.5
13/09/2022,15,13,17,17.3,,229,23,66.7,997.8
14/09/2022,15.3,14,17,0,,275,19.5,48.2,995.5
15/09/2022,14.2,11,17,0,,279,16.1,42.6,992.5
16/09/2022,13.3,8,17,0,,323,10.4,35.2,994.3
17/09/2022,11.8,4,17,0,,332,11.6,35.2,999.7
18/09/2022,11.3,7,17,0,,358,4.5,27.8,1002.7
19/09/2022,9.8,5,16,0,,349,8.4,35.2,1010.8
20/09/2022,9.5,4,15,0,,3,5.1,25.9,1019.2
21/09/2022,8.3,1,16,0,,333,3.7,20.4,1024.4
22/09/2022,10.1,5,16,0,,175,7.9,22.2,1021.8
23/09/2022,12.3,8,16,0,,167,10.9,29.6,1015
24/09/2022,12.5,9,16,0,,136,7.7,25.9,1011.9
25/09/2022,10.6,5,16,0,,182,5.8,20.4,1008.8
26/09/2022,10.9,9,13,8.2,,156,14.3,51.8,995.8
27/09/2022,11.9,11,14,2.3,,113,17.2,50,993.7
28/09/2022,13.1,11,16,0.6,,64,19.1,48.2,997
29/09/2022,9.9,5,13,0,,41,16.8,44.5,1003.8
30/09/2022,8.1,2,14,0.4,,90,7.8,35.2,1007.3
01/10/2022,10.8,10,13,4.2,,136,15.1,48.2,999.6
02/10/2022,11.6,6,14,3.6,,291,13.6,31.5,1004.6
03/10/2022,7.9,2,15,0,,346,5.7,27.8,1016.1
04/10/2022,10.4,2,15,0,,220,11.6,38.9,1014.4
05/10/2022,14.1,13,15,2.9,,197,28.3,64.8,1004.7
06/10/2022,13,10,15,3.1,,238,25.6,63,1010.4
07/10/2022,13.5,12,14,0.7,,203,31.8,59.3,1011.3
08/10/2022,11.9,11,13,8,,249,19.3,48.2,1008
09/10/2022,11.7,9,14,0,,241,15.1,35.2,1018.5
10/10/2022,12,11,13,4.2,,188,22.5,51.8,1011.5
11/10/2022,11.1,10,12,0,,277,25.4,57.4,1014.8
12/10/2022,11.7,10,14,0,,229,14.8,37,1020.5
13/10/2022,11.9,11,14,0,,183,16.9,35.2,1014.5
14/10/2022,11.2,10,13,0,,202,10,27.8,1009.7
15/10/2022,12.5,11,14,1.5,,190,15.5,44.5,1002.8
16/10/2022,11.8,9,14,9.9,,213,23.1,59.3,1005.1
17/10/2022,11.1,7,14,10.5,,194,14.1,46.3,1016.8
18/10/2022,11.2,6,13,0,,257,14.5,40.8,1017.9
19/10/2022,4.2,0,10,0,,0,3.4,22.2,1027.3
20/10/2022,5.4,1,11,0,,121,7,25.9,1022.7
21/10/2022,7.7,5,10,0.7,,78,11,31.5,1012.2
22/10/2022,9,8,11,2.3,,353,3.9,22.2,1010
23/10/2022,11.4,9,13,0,,188,7.5,24.1,1010.8
24/10/2022,11.2,9,14,8.7,,119,14.1,37,1004.5
25/10/2022,12.6,12,13,12.6,,226,21.9,51.8,1004
26/10/2022,12.1,11,13,0,,228,14,37,1013.5
27/10/2022,13.2,12,14,1.2,,195,15.1,33.3,1017.6
28/10/2022,13.3,13,14,6.6,,191,12.7,37,1013.6
29/10/2022,12.6,12,14,1.8,,244,20.4,51.8,1013
30/10/2022,12.7,11,16,0,,189,8.3,29.6,1015.7
31/10/2022,12.5,10,14,0,,203,10,22.2,1017.6
01/11/2022,11.2,8,13,0.5,,146,15,46.3,1011.9
02/11/2022,11.3,9,13,2.9,,195,20.5,46.3,1008.9
03/11/2022,10.7,9,12,0,,163,21.5,53.7,1008.4
04/11/2022,10.1,9,12,0.2,,131,22.6,51.8,1002.7
05/11/2022,10,9,11,1.1,,213,20.5,51.8,1006.2
06/11/2022,10.7,10,12,8.3,,196,23.4,51.8,1004.8
07/11/2022,10.2,9,11,14.8,,198,22.6,59.3,999.7
08/11/2022,11.8,11,13,3.4,,188,18.8,42.6,1002.5
09/11/2022,11.8,11,13,0.5,,197,20.5,44.5,1000.9
10/11/2022,10.7,8,12,1.2,,213,17.7,48.2,1010
11/11/2022,13.2,12,14,0,,222,24.7,57.4,1015.6
12/11/2022,12.6,11,14,0,,245,16.1,53.7,1026.1
13/11/2022,11.3,10,12,0,,333,3.1,16.7,1028.8
14/11/2022,9,8,11,0,,92,8.2,22.2,1022.1
15/11/2022,8,7,9,0,,97,15.4,42.6,1015.7
16/11/2022,6.2,3,8,0,,91,20.3,44.5,1015
17/11/2022,3.9,3,5,0,,76,16.2,42.6,1012.1
18/11/2022,2.6,0,5,0,,47,14.7,37,1016.7
19/11/2022,1.3,0,2,0,,35,16.9,37,1017.3
20/11/2022,-0.3,-2,1,0.8,,23,10.1,31.5,1010.8
21/11/2022,-0.7,-1,0,0.6,,44,9.1,38.9,1001.6
22/11/2022,0.5,-3,3,0.6,,98,11.9,37,1004.2
23/11/2022,4,3,4,0.1,,106,18.2,37,1005.4
24/11/2022,5,4,6,0,,116,16.4,38.9,1010.1
25/11/2022,5.2,5,6,0,,117,17.1,33.3,1017.1
26/11/2022,5.3,4,6,0.8,,132,12.2,31.5,1024.2
27/11/2022,6.5,6,7,0,,137,12.6,35.2,1023.2
28/11/2022,6.3,5,7,0,,111,16.5,38.9,1020.1
29/11/2022,4.2,3,5,0,,77,9.2,29.6,1025.2
30/11/2022,2.5,1,4,0,,48,5.6,20.4,1030.6
01/12/2022,2,0,3,0,,29,8,22.2,1033
02/12/2022,2.7,2,4,0,,33,10.5,25.9,1033.7
03/12/2022,0.5,-1,2,0,,47,13.8,31.5,1032.3
04/12/2022,0.6,0,1,0,,47,16.2,33.3,1030.7
05/12/2022,0.5,0,1,0,,39,12.9,27.8,1026.1
06/12/2022,-2.9,-5,0,0,,18,3.6,16.7,1014.9
07/12/2022,-5,-12,-1,2,,13,3.9,20.4,1007.5
08/12/2022,-2.9,-11,2,5.8,,188,13.4,37,1001.2
09/12/2022,-2.1,-6,0,0,,348,9.2,33.3,1005.3
10/12/2022,-6.5,-10,-4,0,,27,6.7,24.1,1012.1
11/12/2022,-7.6,-11,-5,0,,15,5,18.5,1013.5
12/12/2022,-6.5,-9,-4,0,,16,9.7,25.9,1013.6
13/12/2022,-8,-13,-3,0.3,,20,5.2,29.6,1007.5
14/12/2022,-2.2,-10,2,2.2,,287,12.4,37,998.3
15/12/2022,-12.1,-14,-8,0,,13,1.3,16.7,1006
16/12/2022,-9.2,-15,-4,0,,101,3.5,25.9,1015.4
17/12/2022,1,-4,2,0.2,,183,25.6,50,1018.7
18/12/2022,2.7,1,4,1.3,,200,22.8,48.2,1022.5
19/12/2022,0.4,-1,3,3.6,,145,16.6,40.8,1014.4
20/12/2022,6,4,7,12.8,,187,20.1,38.9,1003.3
21/12/2022,4.7,4,5,1.1,,202,18.3,35.2,1002.3
22/12/2022,5.2,4,6,2.2,,198,21.3,38.9,995.3
23/12/2022,-0.8,-7,5,0,,343,6.7,24.1,1001.5
24/12/2022,-5.6,-9,-2,0,,25,1.1,18.5,1011.4
25/12/2022,1.7,-3,5,3.3,,142,15.2,42.6,1011.7
26/12/2022,5,5,6,9.2,,171,18.4,50,1002.5
27/12/2022,4.3,3,5,0,,250,22.7,66.7,1006.9
28/12/2022,2.4,0,5,13.9,,145,10.9,33.3,1000.8
29/12/2022,6.2,5,7,10.9,,186,26.9,50,990.4
30/12/2022,5.5,5,6,2.1,,198,25.6,64.8,996
31/12/2022,6.4,5,8,2.4,,202,21.9,61.1,994.5
01/01/2023,4,2,7,7.9,,157,7.8,29.6,1003.5
02/01/2023,5.4,3,7,7.5,,189,10.6,35.2,1007.9
03/01/2023,0.2,-1,2,2.8,,359,5.5,24.1,1018.6
04/01/2023,2.3,1,3,18.3,,96,13.9,42.6,1002.3
05/01/2023,0.6,0,2,6.3,,49,16.2,46.3,1009
06/01/2023,0.5,-1,5,10.6,,133,21.2,64.8,1010.7
07/01/2023,5.6,4,8,2.3,,170,15.2,38.9,1008.2
08/01/2023,6.8,6,8,4.4,,169,20.5,50,998.6
09/01/2023,5.6,5,7,5.5,,151,13.1,31.5,995.5
10/01/2023,5.7,5,6,0,,206,15.8,40.8,1005.4
11/01/2023,5.8,4,8,14.7,,191,30.9,74.1,997.5
12/01/2023,5.1,4,6,6.5,,188,18.5,42.6,994.5
13/01/2023,5.8,4,7,11.8,,183,22.3,53.7,989.2
14/01/2023,4.9,3,6,7.2,,210,19.3,53.7,994
15/01/2023,5,3,6,13.6,,202,29.5,74.1,978.3
16/01/2023,4.4,3,6,0,,197,20.2,53.7,985.3
17/01/2023,3.5,2,4,2.6,,117,17.5,38.9,978.9
18/01/2023,2.8,1,4,3.9,,194,21.9,55.5,987.6
19/01/2023,0.4,0,1,0,,103,10.9,27.8,998.2
20/01/2023,0.8,0,2,0,,16,6.3,16.7,1014.4
21/01/2023,0.2,-1,1,0,,50,8.3,16.7,1034.7
22/01/2023,-3.2,-4,-1,0,,68,6.3,14.8,1038.3
23/01/2023,-1.8,-5,1,0,,221,8.5,25.9,1039.8
24/01/2023,2.6,1,4,0,,215,19,37,1035.2
25/01/2023,4.1,4,6,3.2,,204,21.4,40.8,1023.6
26/01/2023,2.2,-2,6,0,,357,9.8,29.6,1022.5
27/01/2023,-2.5,-6,2,0,,346,4,22.2,1029.1
28/01/2023,3.3,2,5,0,,231,15.7,37,1019.8
29/01/2023,4.7,3,5,1.6,,238,20.3,57.4,1007.2
30/01/2023,5.2,3,7,1.4,,286,28.3,61.1,993.1
31/01/2023,3.3,2,5,2.9,,265,20.3,51.8,998.8
01/02/2023,4.3,0,6,3.6,,291,20.5,53.7,994.2
02/02/2023,-2,-5,1,0,,353,5.2,25.9,1013.4
03/02/2023,-0.1,-3,2,12.3,,71,15.7,48.2,1010.1
04/02/2023,-5.4,-11,1,0,,22,4,22.2,1037
05/02/2023,0.2,-3,2,4.2,,156,12.7,42.6,1034.4
06/02/2023,-0.2,-2,2,0,,163,9.4,22.2,1038.8
07/02/2023,3,2,4,0,,209,17.9,29.6,1035.9
08/02/2023,3.8,2,5,0,,208,20.9,40.8,1033
09/02/2023,4.1,3,6,0.4,,209,28.8,66.7,1018.6
10/02/2023,4,3,7,2.5,,258,22.8,61.1,1019
11/02/2023,5.9,1,9,0,,284,17.3,66.7,1017.9
12/02/2023,5,1,7,0,,233,12.6,35.2,1028.6
13/02/2023,4.8,0,7,0,,253,12.1,35.2,1030.6
14/02/2023,2.2,-2,5,0,,205,6.8,20.4,1033
15/02/2023,2.8,2,3,0,,189,12.6,25.9,1024.2
16/02/2023,4.6,3,6,0.4,,207,15.4,25.9,1014.5
17/02/2023,5.5,4,7,12.3,,206,24.8,72.2,994.8
18/02/2023,4.7,2,7,0,,300,22.7,72.2,1003
19/02/2023,2.5,-1,5,0.7,,293,13.1,42.6,1011
20/02/2023,6.1,4,8,13.4,,257,28,75.9,996.5
21/02/2023,3.8,-3,6,0,,352,17.5,61.1,1007.6
22/02/2023,1.4,-2,4,0,,130,13.7,37,1016.4
23/02/2023,3.2,0,5,3.9,,209,12.7,38.9,1008.4
24/02/2023,2,0,4,9.9,,124,17.8,38.9,993.9
25/02/2023,-0.5,-3,2,0,,8,19.5,44.5,1008
26/02/2023,0.2,-4,5,0,,345,8,25.9,1023.1
27/02/2023,2.3,-3,10,0,,346,4.5,16.7,1029.3
28/02/2023,-0.6,-5,6,0,,342,1.3,14.8,1030.2
01/03/2023,0.4,-5,8,0,,2,3.2,18.5,1029.3
02/03/2023,0.9,-4,7,0,,324,4.2,16.7,1025
03/03/2023,1.2,-4,6,0,,328,10.4,27.8,1016.3
04/03/2023,0.6,-5,3,0,,346,14.6,44.5,1013.5
05/03/2023,-1.3,-5,3,0,,326,11.8,35.2,1006.4
06/03/2023,-3,-8,2,0,,39,4.1,20.4,998.7
07/03/2023,-2.1,-4,-1,13,,51,22,61.1,984.5
08/03/2023,-4.9,-13,0,0,,277,6.9,35.2,994
09/03/2023,-3.6,-14,2,7.4,,231,12.2,44.5,995.6
10/03/2023,-3.9,-10,-1,0,,39,7.9,29.6,996.2
11/03/2023,-2.2,-12,2,0,,319,11.7,37,998.9
12/03/2023,-0.3,-2,1,0.2,,278,13.8,38.9,1002.9
13/03/2023,3.8,-1,7,24.7,,171,25.2,61.1,981.5
14/03/2023,3.7,1,6,2.7,,255,17.2,59.3,983.3
15/03/2023,2,-4,5,0,,286,12.6,33.3,1004
16/03/2023,0.2,-7,5,0.1,,98,9.8,50,1017.4
17/03/2023,4.2,2,6,3.9,,161,26,64.8,1008.8
18/03/2023,5.8,5,7,0.5,,189,8.5,29.6,1008.8
19/03/2023,6.9,5,10,0,,134,10.1,22.2,1012.9
20/03/2023,5.5,4,7,0,,240,13.2,31.5,1009.6
21/03/2023,4.6,3,7,5.1,,161,12.1,33.3,1009.7
22/03/2023,6.5,5,7,9.4,,196,22.1,48.2,998.2
23/03/2023,6.3,5,9,3.2,,196,18.2,38.9,994.8
24/03/2023,6.8,6,8,9.4,,203,21,57.4,989.9
25/03/2023,5.9,2,8,4,,217,16.1,42.6,992
26/03/2023,0,-1,2,0,,24,15.4,31.5,1000.4
27/03/2023,-1.2,-7,3,0,,338,6.6,29.6,1009.4
28/03/2023,-1,-7,3,0,,301,10.1,25.9,1018.3
29/03/2023,2.2,0,4,5.5,,184,16.6,38.9,1011
30/03/2023,1,-1,3,12.8,,77,16.2,46.3,1003.7
31/03/2023,1.3,1,2,8.2,,62,20.7,50,999.5
01/04/2023,1.1,-4,5,0,,49,18.2,44.5,1011.8
02/04/2023,2,-4,8,0,,24,7.6,27.8,1028.5
03/04/2023,1,-5,6,0,,339,6.3,20.4,1035.1
04/04/2023,3.5,-2,10,0,,43,6.8,18.5,1028
05/04/2023,3.4,-3,9,2.7,,25,9.3,31.5,1023.3
06/04/2023,2.1,-2,8,0.8,,97,9.8,31.5,1021.3
07/04/2023,3.4,-4,10,0,,33,10.9,35.2,1026.2
08/04/2023,8.1,5,14,0,,51,12.7,31.5,1029.3
09/04/2023,5.9,-1,13,0,,4,6.3,20.4,1028.5
10/04/2023,8.3,1,14,0,,142,13.8,42.6,1021.3
11/04/2023,7.5,4,9,4.9,,154,15.4,46.3,1004.9
12/04/2023,7.6,2,12,0,,139,10.4,27.8,1005.3
13/04/2023,8.6,7,12,2,,116,16.3,40.8,1003.3
14/04/2023,7.3,2,12,0,,70,10.6,31.5,1013
15/04/2023,9.9,7,15,0,,57,14.7,35.2,1017.7
16/04/2023,9.4,6,15,0,,37,12.2,27.8,1024.3
17/04/2023,7.9,-1,15,0,,25,10.1,33.3,1030.5
18/04/2023,8.8,0,15,0,,29,10.9,37,1035.9
19/04/2023,9.1,3,14,0,,38,14.3,38.9,1034.4
20/04/2023,9.9,1,17,0,,39,12,31.5,1030.3
21/04/2023,9.9,1,17,0,,335,6.3,22.2,1024
22/04/2023,11.1,1,19,0,,188,9,24.1,1012.7
23/04/2023,10.1,7,13,4.7,,186,12.3,37,1003.1
24/04/2023,9.6,7,12,2.1,,143,13.5,37,999.7
25/04/2023,7.3,5,10,0.9,,239,14,31.5,998.5
26/04/2023,5.9,3,9,0,,292,16.2,46.3,1005.3
27/04/2023,7.3,5,10,0,,274,21,38.9,1011
28/04/2023,7.1,0,11,0,,254,8.3,25.9,1015.5
29/04/2023,7.7,4,10,0,,261,17.1,55.5,1012.2
30/04/2023,7.2,5,9,0,,285,20.6,40.8,1017.9
01/05/2023,7.9,4,10,11.6,,210,19.3,42.6,1011.8
02/05/2023,6.2,1,10,0,,302,11.7,29.6,1016.7
03/05/2023,7.2,-1,12,0,,299,9,25.9,1024.2
04/05/2023,7.2,1,13,0,,43,13.4,35.2,1027.5
05/05/2023,8.2,3,13,0,,98,14.9,35.2,1028.6
06/05/2023,7.7,2,14,0,,126,14.6,37,1026.6
07/05/2023,8.7,2,14,0,,115,7.8,20.4,1027.8
08/05/2023,10,1,16,0,,160,13.5,31.5,1027.7
09/05/2023,13.8,9,20,0,,158,20.7,51.8,1018.9
10/05/2023,15.5,9,20,0,,143,17.7,38.9,1013.9
11/05/2023,16,12,21,0,,173,10.6,33.3,1017.8
12/05/2023,13.8,5,21,0,,344,7.4,20.4,1024.2
13/05/2023,14.2,6,21,0,,217,7.1,20.4,1024.9
14/05/2023,15.8,9,22,0,,91,9,24.1,1020.8
15/05/2023,14.9,6,21,0,,335,7.5,18.5,1012.4
16/05/2023,12.3,9,15,0,,266,9.6,31.5,1007.1
17/05/2023,9.5,5,12,1.3,,289,22.3,59.3,1014.4
18/05/2023,10.3,5,15,0,,224,10.5,29.6,1026.1
19/05/2023,10,2,15,0,,287,7.3,20.4,1029.9
20/05/2023,12.4,4,21,0,,321,9.4,22.2,1029
21/05/2023,16.3,7,23,0,,46,7.9,22.2,1024.5
22/05/2023,17.8,12,23,0,,246,7.8,20.4,1019.9
23/05/2023,13.9,11,16,3.3,,155,6.3,18.5,1013.3
24/05/2023,13.3,7,19,0,,289,8.5,31.5,1017.3
25/05/2023,12.8,9,15,0,,288,16.1,37,1021.3
26/05/2023,12.8,10,15,0,,293,20.4,40.8,1024.1
27/05/2023,12.2,6,16,0,,221,12.4,33.3,1024.4
28/05/2023,12.7,11,15,0.3,,257,21.7,48.2,1018.7
29/05/2023,10.6,3,16,0,,320,9.5,31.5,1021
30/05/2023,13,4,19,0,,314,9.7,24.1,1024.6
31/05/2023,14.8,11,19,0,,248,14.5,29.6,1018.7
01/06/2023,12.7,5,17,0,,40,16,40.8,1016.6
02/06/2023,10.2,3,15,0,,345,9.8,29.6,1023.4
03/06/2023,12,3,18,0,,233,9.6,25.9,1022
04/06/2023,12.8,5,18,0,,319,8.5,24.1,1020.8
05/06/2023,14,6,19,0,,275,6.9,20.4,1021.3
06/06/2023,15,9,19,0,,190,10.6,25.9,1018.7
07/06/2023,15.4,7,21,0,,311,7.2,20.4,1018.7
08/06/2023,14.8,7,20,0,,304,6.1,22.2,1017
09/06/2023,18.2,12,24,0,,85,15.8,42.6,1021.1
10/06/2023,17.6,11,23,0,,82,11,27.8,1025.3
11/06/2023,17.6,12,22,0,,169,11.2,25.9,1026.1
12/06/2023,17,8,23,0,,346,7.9,22.2,1024.2
13/06/2023,17,7,23,0,,310,9.7,29.6,1021.3
14/06/2023,19.3,9,27,0,,324,9.1,33.3,1020.9
15/06/2023,20.5,13,26,0,,303,7.6,24.1,1018.9
16/06/2023,20,12,26,0,,10,7.8,27.8,1015.3
17/06/2023,20.9,13,28,0,,356,8.1,27.8,1013.8
18/06/2023,17.5,16,19,0,,35,10.8,31.5,1013.9
19/06/2023,17.7,11,22,0,,122,7.3,22.2,1013.2
20/06/2023,19.3,17,22,0,,168,8.4,27.8,1014.4
21/06/2023,18,13,21,1.2,,161,13.1,40.8,1012.3
22/06/2023,18.3,16,21,0,,258,21.9,42.6,1016
23/06/2023,18.3,15,21,0,,281,13.9,33.3,1016.1
24/06/2023,17,12,21,0,,220,11.9,31.5,1019.3
25/06/2023,17.6,12,22,0,,254,6.7,20.4,1018.8
26/06/2023,18.4,11,27,6.7,,113,9.4,38.9,1010.7
27/06/2023,17.6,15,20,0.1,,276,13.3,40.8,1007.1
28/06/2023,17.4,11,22,0,,301,9.4,25.9,1012.5
29/06/2023,18.3,14,21,0,,206,11.2,27.8,1010.5
30/06/2023,17.1,15,19,0.3,,239,22.6,59.3,1005.3
01/07/2023,15.9,14,18,4.7,,209,14.2,38.9,998.3
02/07/2023,15.3,13,18,2.4,,233,23,70.4,992.4
03/07/2023,13.5,12,16,6.8,,249,30.9,77.8,994.8
04/07/2023,13.9,13,15,1.8,,225,20.9,59.3,999.9
05/07/2023,14.7,12,18,2.8,,183,16.1,46.3,1006.5
06/07/2023,14.6,13.8,16,6.1,,211,25,59.3,1006.4
07/07/2023,16.4,14,19,0,,254,19.4,51.8,1018.4
08/07/2023,17,12,21,0,,274,9.6,22.2,1021.9
09/07/2023,17.8,10,24,0,,327,4.6,18.5,1021.7
10/07/2023,17,13,21,7.3,,139,6.3,29.6,1016.7
11/07/2023,17,15,20,0.2,,190,12.4,38.9,1013.2
12/07/2023,16.4,15,18,29.5,,170,13,38.9,1004.9
13/07/2023,16.5,14,20,0,,233,17,42.6,1007.6
14/07/2023,16.4,14,19,0,,240,15.6,46.3,1012.2
15/07/2023,18,13,24,1.9,,134,15.2,44.5,1008
16/07/2023,18.1,16,20,14.3,,197,23.9,59.3,1004.6
17/07/2023,16.1,13,17,3.5,,217,24.7,55.5,1008.4
18/07/2023,15.8,14,17,0,,257,27.2,59.3,1010.5
19/07/2023,15.4,14,18,0,,267,23.3,51.8,1007.5
20/07/2023,15.4,14,17,0,,263,23.2,51.8,1004.6
21/07/2023,15.3,13,17,0,,248,18.6,46.3,1005.3
22/07/2023,14.3,11,17,0,,221,14,37,1005.7
23/07/2023,15.2,9,20,1.2,,195,9.4,29.6,1004.2
24/07/2023,16.3,14,19,10.1,,154,14.8,44.5,995.2
25/07/2023,16.2,15,18,0,,247,20.6,51.8,996.3
26/07/2023,14.3,13,17,4.8,,220,22.1,53.7,1000.8
27/07/2023,15.1,12,18,14.6,,251,18,51.8,1001.1
28/07/2023,14.3,8,18,0,,294,6.9,24.1,1003.8
29/07/2023,16,12,21,0,,164,9,25.9,1003.3
30/07/2023,16.7,15,20,0.7,,215,12.1,29.6,1002.6
31/07/2023,14.6,13,17,2.6,,101,7.1,27.8,1000.1
01/08/2023,15.3,11,19,0,,93,7,22.2,994.1
02/08/2023,16.3,13,20,0,,285,6.7,20.4,993.6
03/08/2023,16,12,20,0.4,,8,6.7,27.8,992.9
04/08/2023,17.4,14,20,0,,226,11.8,25.9,1002.4
05/08/2023,16.1,14,18,0,,210,12.5,35.2,1009.9
06/08/2023,14.7,10,19,5.6,,42,9.7,42.6,1008.3
07/08/2023,14.4,13,17,24,,307,18.5,53.7,991
08/08/2023,13.3,12,15,18.9,,250,31,87,985.7
09/08/2023,13.3,11,15,15.1,,259,25.2,75.9,998.5
10/08/2023,15.2,12,17,0,,265,18.1,38.9,1011.5
11/08/2023,14.6,11,17,0,,189,11.4,29.6,1016.5
12/08/2023,18.5,17,21,3.9,,169,13.4,37,1014
13/08/2023,17.4,16,19,2.5,,199,13.5,27.8,1012.3
14/08/2023,17.8,15,21,0,,180,9.3,25.9,1014.9
15/08/2023,18,14,22,0,,150,9,31.5,1013.3
16/08/2023,16.5,13,19,0,,219,16.8,35.2,1017
17/08/2023,15.4,10,19,0,,78,4.8,24.1,1023.8
18/08/2023,16.7,14,19,0,,36,7.7,33.3,1023.8
19/08/2023,20.1,16,24,0,,85,13,35.2,1020.3
20/08/2023,18.8,17,21,4.6,,186,12,33.3,1018.6
21/08/2023,17,14,20,0,,248,15.1,42.6,1018.4
22/08/2023,17,14,20,0,,237,11,33.3,1016.3
23/08/2023,16.9,13,19,0.3,,235,12.2,35.2,1014.7
24/08/2023,15.8,13,18,0,,252,11.4,35.2,1013.5
25/08/2023,14.7,13,17,7.1,,90,7,31.5,1007.3
26/08/2023,15.8,14,17,13.7,,72,8.5,35.2,1005.9
27/08/2023,15.8,13,19,1.2,,204,15.3,33.3,1006.3
28/08/2023,15,12,18,0,,201,11,31.5,1005.8
29/08/2023,15.3,13,17,0,,218,13.5,33.3,1008.4
30/08/2023,15.3,11,20,0,,170,5.6,18.5,1006
31/08/2023,13.2,9,20,0,,11,2.9,18.5,1005.4
01/09/2023,15.6,11,20,0,,315,6,27.8,1008.1
02/09/2023,14.9,9,19,0,,270,10.3,27.8,1014.6
03/09/2023,15.6,13,18,0.4,,230,10.3,38.9,1020
04/09/2023,18.3,17,21,0,,250,17.2,37,1022.5
05/09/2023,17.5,15,21,0,,233,15.5,40.8,1020.3
06/09/2023,15.7,11,20,0,,121,5.3,20.4,1024
07/09/2023,16.3,10,21,0,,168,7,22.2,1026.4
08/09/2023,16.8,12,23,0,,158,5.3,16.7,1021.8
09/09/2023,18.4,11,25,0,,150,8.9,24.1,1016.7
10/09/2023,16.5,14,18,0,,244,6.2,20.4,1016
11/09/2023,18,16,20,0,,178,11.5,31.5,1012.3
12/09/2023,17.5,13,19,0,,233,12.8,27.8,1009.8
13/09/2023,13.4,9,19,0,,357,6.5,24.1,1013.6
14/09/2023,11.2,5,17,0,,349,4.8,18.5,1019.9
15/09/2023,14.7,9,18,0,,182,13.1,29.6,1021
16/09/2023,15.5,12,20,0,,153,10.3,24.1,1018
17/09/2023,14.7,12,18,0,,56,12,31.5,1018.1
18/09/2023,16.7,14,19,6.2,,124,23.1,51.8,1007.2
19/09/2023,15.5,13,18,15.4,,203,26.5,55.5,994.6
20/09/2023,16.4,13,19,4,,206,22.5,44.5,998.3
21/09/2023,19.8,17,23,0,,169,23.5,51.8,998.7
22/09/2023,16.1,12,19,7,,192,9.8,37,996.9
23/09/2023,13.8,11,16,0.4,,210,7.7,33.3,1005.5
24/09/2023,14.3,13,16,0,,245,22.5,48.2,1019.4
25/09/2023,16.3,15,18,0,,186,26.2,50,1021.8
26/09/2023,16.3,13,19,0,,168,9.9,29.6,1022.3
27/09/2023,16.1,14,18,0,,170,11.4,29.6,1018.6
28/09/2023,16.4,13,20,0,,152,14.2,37,1013.7
29/09/2023,15.9,14,17,4.1,,213,16.9,33.3,1010.5
30/09/2023,14.9,14,16,0,,258,29.1,61.1,1013
01/10/2023,14.2,12,16,0,,251,15.5,46.3,1016.3
02/10/2023,15.5,14,17,0,,231,14.3,27.8,1013.4
03/10/2023,11.7,9,14,36.2,,283,13.4,44.5,1004.3
04/10/2023,13.7,12,15,3.3,,258,30,63,1007.3
05/10/2023,11.4,7,14,7.7,,295,13.2,48.2,1010.7
06/10/2023,13.1,7,16,5.8,,214,21.9,66.7,1005.6
07/10/2023,8.8,3,15,0,,341,11.6,70.4,1009.7
08/10/2023,4.3,-2,11,0,,354,4.6,25.9,1022.5
09/10/2023,7.2,3,12,0,,329,4.1,24.1,1016.3
10/10/2023,9.3,3,15,4,,220,14,42.6,1010.5
11/10/2023,13.8,11,15,2.5,,232,29.6,70.4,995.9
12/10/2023,11.7,11,13,0,,271,31.9,81.5,1001.5
13/10/2023,11.4,9,14,7.6,,202,19.6,48.2,997.4
14/10/2023,11.2,9,12,2.2,,249,34.7,79.6,987.9
15/10/2023,10.1,4,12,0,,307,19.2,74.1,1000.8
16/10/2023,4.8,0,10,0,,330,5.6,25.9,1013.9
17/10/2023,11.1,4,12,0,,268,24.1,51.8,1013.8
18/10/2023,6.1,0,11,0,,29,8.8,35.2,1014.6
19/10/2023,3.8,1,6,0,,67,20.2,50,1012.7
20/10/2023,3.2,0,6,0,,55,26.9,75.9,1008.9
21/10/2023,4.8,3,6,8.4,,68,24.6,79.6,1004.1
22/10/2023,7.9,6,10,2,,83,10.8,35.2,1005
23/10/2023,10,9,11,0.3,,115,7.2,29.6,1009
24/10/2023,8.4,6,10,0,,66,14.3,40.8,1012.3
25/10/2023,5.3,4,6,2.6,,60,19.9,50,1007.5
26/10/2023,3.9,3,5,0,,50,17,40.8,1003.6
27/10/2023,3.5,2,4,0,,47,12.5,27.8,1001.3
28/10/2023,3.2,2,4,0,,59,12,27.8,1004.1
29/10/2023,4,3,5,17.1,,81,18,51.8,998.6
30/10/2023,7.2,4,11,5.8,,153,18.4,55.5,993.1
31/10/2023,2.6,1,4,0,,2,14.8,35.2,997
01/11/2023,1.5,-2,4,1.8,,35,8.6,38.9,1002.6
02/11/2023,8.7,4,11,0.7,,112,19.1,48.2,990.5
03/11/2023,10.1,9,11,7.9,,121,14.1,46.3,983.8
04/11/2023,8.8,7,10,0,,145,9.3,29.6,982.5
05/11/2023,7.9,6,9,0.2,,93,12.8,35.2,980.2
06/11/2023,8,5,11,1,,179,9.7,33.3,988.9
07/11/2023,8,6,9,0,,206,7.3,27.8,999.1
08/11/2023,7.3,6,8,0,,12,3.1,20.4,1001.3
09/11/2023,7.5,3,10,9.5,,245,8.7,46.3,996.7
10/11/2023,5.3,4,6,4.5,,48,6.6,18.5,994.3
11/11/2023,5.3,3,7,0,,29,6.2,18.5,1000.8
12/11/2023,4.6,3,8,0,,33,6.9,22.2,1006.1
13/11/2023,1.7,0,4,0,,70,13.7,35.2,1005
14/11/2023,1.7,1,3,0,,53,19.2,44.5,999.2
15/11/2023,0.5,-1,2,0,,50,12,25.9,1010.9
16/11/2023,1,0,2,0,,49,15.9,35.2,1014.5
17/11/2023,-0.3,-3,2,0,,39,11.6,31.5,1020
18/11/2023,-1,-4,2,0,,89,5.6,22.2,1022.9
19/11/2023,1.7,-1,4,0,,95,16,35.2,1008.1
20/11/2023,2.3,0,4,0,,62,11.1,27.8,1010.5
21/11/2023,1.3,0,3,0,,56,9.5,22.2,1023.3
22/11/2023,4.1,1,9,8.5,,194,26.8,75.9,1015.7
23/11/2023,7.9,5,9,0,,277,33.2,72.2,990.8
24/11/2023,2.7,0,5,0,,338,18.6,53.7,992.8
25/11/2023,-2.5,-7,0,0,,14,7.6,27.8,1005.5
26/11/2023,-6.7,-10,0,0,,7,0.4,20.4,1010
27/11/2023,-5.8,-8,-2,0,,24,9.2,33.3,1011.3
28/11/2023,-8,-10,-5,0,,13,9.2,27.8,1005.9
29/11/2023,-6.8,-12,-3,1.2,,29,6.9,33.3,1001.8
30/11/2023,-4.3,-8,-2,0.1,,25,10.7,29.6,1006.8
01/12/2023,-4.6,-11,-2,0,,14,10.9,27.8,1008.7
02/12/2023,-7.3,-13,-4,0,,12,2.3,16.7,1012
03/12/2023,-6.8,-11,-5,0,,21,1.7,14.8,1018.5
04/12/2023,-4.2,-8,-2,0,,78,4,20.4,1017.1
05/12/2023,-6.3,-11,-3,0,,23,5.9,27.8,1017.2
06/12/2023,-2.4,-5,0,0.3,,38,8.6,29.6,1020
07/12/2023,-2.6,-3,-2,2.3,,35,10.1,25.9,1020.4
08/12/2023,-1,-4,2,2,,64,9.4,25.9,1016.6
09/12/2023,1.3,1,2,2.2,,114,13.8,33.3,1008.4
10/12/2023,2,1,3,0.2,,82,19,37,1003.7
11/12/2023,1.3,1,2,1.2,,45,15,33.3,1000.7
12/12/2023,-0.5,-2,1,0,,33,8.3,22.2,1009.8
13/12/2023,-2.2,-3,-2,0,,43,12.3,27.8,1011.4
14/12/2023,-2.1,-3,-2,0,,83,5.9,18.5,1017.7
15/12/2023,3.3,-2,6,0.6,,222,12.4,38.9,1021.5
16/12/2023,6.8,5,8,0.4,,229,22.1,53.7,1020.2
17/12/2023,7.4,7,8,5,,239,22.8,50,1016.3
18/12/2023,7.1,6,8,4.8,,225,19.9,46.3,1012.3
19/12/2023,5.7,4,8,0.9,,237,19.2,55.5,1003.2
20/12/2023,4.1,3,5,0.5,,246,18.1,44.5,992.5
21/12/2023,2.8,-1,7,14.7,,243,20.4,55.5,970.8
22/12/2023,-0.3,-1,0,3.9,,324,24.9,64.8,978.9
23/12/2023,-5,-10,-1,0,,349,6.2,44.5,992.3
24/12/2023,-1.6,-10,6,4.9,,134,11.4,50,986.8
25/12/2023,4.7,0,7,2,,266,22.8,66.7,984.6
26/12/2023,2.5,-2,4,2.6,,282,8.2,29.6,995.5
27/12/2023,-2.5,-6,2,0,,18,3.2,31.5,1013.4
28/12/2023,3.6,-1,6,10.1,,178,19.2,57.4,995.3
29/12/2023,5.7,4,6,12.2,,214,20.5,44.5,989.3
30/12/2023,2.5,1,4,3.5,,319,5.6,25.9,999.9
31/12/2023,2,1,3,0.8,,91,21,50,1006.4
01/01/2024,0.9,-1,2,10.6,,92,23.3,53.7,1004
02/01/2024,-1.8,-3,-1,0.3,,78,26.2,53.7,1004.8
03/01/2024,-3.3,-5,-2,0,,70,33.6,72.2,997.1
04/01/2024,-7.4,-12,-5,0,,45,19.6,61.1,1006.2
05/01/2024,-12,-14,-9,0,,24,8.2,25.9,1013
06/01/2024,-13.4,-16,-10,0,,19,4.6,18.5,1021.9
07/01/2024,-12.3,-15,-9,0,,24,5,20.4,1033
08/01/2024,-8.8,-14,-4,0,,12,1,13,1039.5
09/01/2024,-3.4,-10,0,0,,354,0.5,14.8,1036.5
10/01/2024,-3,-5,-2,0,,354,0.9,13,1032.4
11/01/2024,-3.8,-8,0,0,,358,0.6,22.2,1029.8
12/01/2024,-5.2,-9,0,0,,353,1.8,18.5,1022.9
13/01/2024,1.3,-2,4,0.9,,258,11.2,35.2,1001.3
14/01/2024,-0.5,-4,2,0,,254,7.7,27.8,990.1
15/01/2024,-6.8,-14,-2,2.6,,21,15,50,990.1
16/01/2024,-10.7,-18,-1,2.2,,74,8,50,999.8
17/01/2024,0.4,0,2,8.5,,209,30,72.2,982.9
18/01/2024,-5.6,-16,1,0,,309,7.7,37,989.2
19/01/2024,0.8,-1,2,0,,264,16.4,40.8,999.5
20/01/2024,-2.7,-8,2,4,,41,6.2,35.2,1012.9
21/01/2024,1.9,0,3,12.8,,183,27.9,57.4,1009.5
22/01/2024,4.7,3,6,26.4,,198,34.3,75.9,988.3
23/01/2024,4.8,4,6,0,,236,22.9,55.5,1000.2
24/01/2024,5.5,2,7,19.9,,234,26.2,57.4,990.1
25/01/2024,1.4,-4,6,0,,320,6.3,31.5,1014.2
26/01/2024,2.9,-3,6,18.8,,183,22.8,55.5,1008.2
27/01/2024,4.9,3,6,0,,243,18.7,53.7,1022.4
28/01/2024,4.4,3,5,0,,195,25,44.5,1025.8
29/01/2024,4.3,4,5,0,,182,17.1,44.5,1021.9
30/01/2024,4.8,4,6,5.8,,156,13,35.2,1020.8
31/01/2024,3.8,1,5,3.5,,226,21.9,63,1014.5
01/02/2024,4.5,4,5,0.6,,273,31,72.2,1007.5
02/02/2024,5.4,3,7,8,,232,24.2,63,1006.9
03/02/2024,5.9,5,7,0,,265,30.9,66.7,1002
04/02/2024,5.1,4,6,1.9,,266,29.4,70.4,996.9
05/02/2024,2.9,-1,5,0,,301,19.3,59.3,998.7
06/02/2024,-0.7,-2,1,1.6,,24,6.8,37,991.5
07/02/2024,-2.7,-5,-2,0,,4,8.4,27.8,995.2
08/02/2024,-2.1,-6,0,4.4,,47,5.3,25.9,998
09/02/2024,-3.5,-5,-2,0,,68,14.3,40.8,1001.7
10/02/2024,-2.3,-4,0,0.2,,64,22.8,53.7,1001
11/02/2024,0.3,0,1,0.6,,67,20.7,42.6,1001
12/02/2024,-0.8,-2,0,11.1,,46,14.2,38.9,1001.1
13/02/2024,-0.3,-4,3,1.8,,65,5.7,22.2,1008
14/02/2024,2.7,2,4,0,,135,5.5,24.1,1013.2
15/02/2024,3.6,2,6,6.6,,88,8.6,31.5,1013.5
16/02/2024,7.2,4,9,15.4,,193,22.5,37,1005.3
17/02/2024,2.3,-3,6,0.4,,348,9.3,29.6,1022.4
18/02/2024,1.8,-3,5,5.4,,135,11.3,42.6,1022.5
19/02/2024,2.5,1,5,1.1,,288,8.1,24.1,1013.8
20/02/2024,3.3,1,6,0.5,,254,7.9,27.8,1013.8
21/02/2024,4.3,3,5,9.9,,214,14.2,31.5,1003.8
22/02/2024,6.2,5,7,5.4,,153,17.8,44.5,988.2
23/02/2024,5.8,5,7,9.9,,172,35.5,87,980.5
24/02/2024,5.1,4,7,0,,169,13.1,46.3,998.3
25/02/2024,4.2,2,5,13.2,,160,13.9,31.5,1002.6
26/02/2024,3,2,5,0.9,,21,4.3,18.5,1010.3
27/02/2024,2.3,2,3,0,,228,5.3,22.2,1017.6
28/02/2024,3.4,2,5,1.7,,191,17.4,37,1015.1
29/02/2024,4.5,4,5,13.5,,170,26.6,59.3,1009.6
01/03/2024,5.9,3,8,0.3,,138,14,44.5,1006.5
02/03/2024,6.8,4,9,1.8,,95,8.5,27.8,1008.8
03/03/2024,7.7,6,9,0,,74,12.4,29.6,1012
04/03/2024,4.3,2,7,0,,60,16.6,37,1018.7
05/03/2024,1.6,0,3,0,,56,20.5,46.3,1026.1
06/03/2024,2.1,-1,5,0,,50,15.4,33.3,1030.1
07/03/2024,0.4,-4,6,0,,348,2.8,14.8,1031.3
08/03/2024,1.3,-5,10,0,,25,5.9,22.2,1024.5
09/03/2024,0,-4,4,0,,61,12.7,35.2,1018.5
10/03/2024,1.3,0,4,0,,70,19.8,46.3,1017
11/03/2024,3.2,0,7,0,,58,23.3,50,1015.4
12/03/2024,3.2,-1,7,0,,51,9.1,29.6,1015
13/03/2024,4.6,3,7,0.2,,168,14.2,40.8,1011.9
14/03/2024,6.9,6,7,10.5,,194,21.6,42.6,1004.2
15/03/2024,8,7,9,7.9,,189,22.5,40.8,1000.9
16/03/2024,5,1,8,1.8,,242,23.1,51.8,1002.8
17/03/2024,0.5,-3,4,0,,29,13,37,1024.2
18/03/2024,-0.2,-3,4,0,,72,7,24.1,1023.3
19/03/2024,2.3,0,5,1,,151,14.6,37,1020.6
20/03/2024,4,3,5,1.6,,221,11,35.2,1016.8
21/03/2024,3.6,3,5,1.3,,249,8.1,27.8,1016.6
22/03/2024,6.1,4,9,5.1,,226,22.9,53.7,1003.5
23/03/2024,5.1,3,7,0.6,,205,18.1,37,996.6
24/03/2024,4.7,3,6,3.1,,190,7.8,24.1,994.2
25/03/2024,3.6,0,6,0,,28,6.8,18.5,1001
26/03/2024,4,0,7,0.1,,128,8.4,31.5,1000.5
27/03/2024,8.5,3.6,15,0,,105,16.3,35.2,992.1
28/03/2024,7.4,4,11,3.1,,80,15.2,38.9,984.9
29/03/2024,7,6,8,0.3,,184,19.8,37,993.1
30/03/2024,8.7,5,12,0,,123,11.8,35.2,1001.8
31/03/2024,7.9,6,10,0,,226,9.5,35.2,999.3
01/04/2024,9.1,5,13,0,,45,14.6,44.5,998.1
02/04/2024,1.5,-1,8,15.9,,41,20.7,55.5,1000
03/04/2024,-1.3,-3,1,0.6,,33,12.5,35.2,1008.3
04/04/2024,0.7,-1,2,7.2,,95,16.8,50,1005.7
05/04/2024,4.8,2,7,8.6,,159,10.9,33.3,1002
06/04/2024,7.3,4,12,0.1,,212,9.1,44.5,1007.8
07/04/2024,11.4,8,15,10.9,,190,22.1,44.5,1007.2
08/04/2024,11,8,14,0,,200,14.5,33.3,1009.4
09/04/2024,10.3,5,16,14.1,,91,6.2,29.6,1007.7
10/04/2024,8.1,7,9,0.4,,221,28.5,75.9,1013
11/04/2024,9,6,13,11.2,,209,25.9,55.5,1018.4
12/04/2024,7.7,6,10,16.7,,217,17.4,37,1019.3
13/04/2024,9.4,7,12,6.4,,219,18.5,38.9,1013.2
14/04/2024,7.9,6,9,3,,255,35.1,83.3,1004.7
15/04/2024,7,5,9,0,,252,12.6,42.6,1003.9
16/04/2024,6.4,2,11,0,,20,12,33.3,1000.7
17/04/2024,4.6,-2,9,0,,318,6.9,24.1,1008.3
18/04/2024,4.1,-1,8,0.1,,36,8.6,27.8,1012.5
19/04/2024,2.6,-1,7,0,,68,14.9,37,1007.5
20/04/2024,1.6,-4,7,0,,342,5.3,20.4,1015.6
21/04/2024,2.6,-3,8,0,,26,10.4,37,1027.1
22/04/2024,1.7,-3,6,0,,10,11.7,27.8,1025.9
23/04/2024,3.3,-2,9,0.6,,161,8.4,24.1,1013.6
24/04/2024,3.6,-2,8,0,,92,6.5,18.5,1008.9
25/04/2024,4.8,-1,9,0,,15,4.4,20.4,1005.3
26/04/2024,6.7,3,11,0.7,,65,11.6,31.5,1007
27/04/2024,6.1,2,10,1.3,,47,6.7,24.1,1011.8
28/04/2024,13.3,7,21,0.7,,104,14.4,38.9,1012.4
29/04/2024,11.1,9,16,5.5,,193,18,35.2,1019.5
30/04/2024,13.5,5,20,0,,84,11.6,38.9,1024.9
01/05/2024,17.1,11,23,0,,65,20.6,48.2,1019.8
02/05/2024,16.4,10,24,0,,58,20.2,55.5,1015.5
03/05/2024,16.4,8,24,0,,56,17.2,48.2,1014
04/05/2024,12.6,7,18,0,,257,6.2,22.2,1013.8
05/05/2024,13.2,9,18,5.8,,24,5.6,24.1,1007.1
06/05/2024,10.1,7,12,8,,66,13.6,44.5,1008.3
07/05/2024,9.3,4,14,0,,334,7.1,20.4,1021.5
08/05/2024,10.5,6,14,0,,279,9.4,27.8,1024.8
09/05/2024,10.7,9,13,3.9,,237,15,44.5,1021.9
10/05/2024,12,10,15,0,,20,10.4,33.3,1020.5
11/05/2024,11.5,4,17,0,,313,6.4,22.2,1024.2
12/05/2024,12.1,4,17,0,,287,6.6,22.2,1024.8
13/05/2024,13.5,5,20,0,,319,6.6,24.1,1020.5
14/05/2024,15.3,6,22,0,,325,6.6,25.9,1017.8
15/05/2024,16.5,8,23,0,,104,7.3,24.1,1018.1
16/05/2024,17.4,11,23,0,,97,13.5,35.2,1018.8
17/05/2024,17.5,12,24,0,,130,13,35.2,1018.3
18/05/2024,16,6,24,0,,356,7.6,25.9,1016.2
19/05/2024,16.5,7,23,0,,331,7.5,24.1,1012.3
20/05/2024,17.3,9,24,0,,26,10.5,31.5,1015
21/05/2024,18.5,12,25,0,,68,14.1,38.9,1018.8
22/05/2024,19.7,11,26,0,,82,18.8,46.3,1015.6
23/05/2024,18.9,13,27,0,,63,13.1,44.5,1013.6
24/05/2024,14.8,12,17,1,,314,8.1,24.1,1019.1
25/05/2024,17.3,11,25,0,,37,6.6,22.2,1020
26/05/2024,17.5,11,24,7.9,,78,6.7,29.6,1019.5
27/05/2024,17.8,14,23,0,,142,13.5,33.3,1015.6
28/05/2024,16.2,12,21,10.7,,110,10.1,33.3,1012.8
29/05/2024,15.2,9,18,0.2,,149,9.2,31.5,1010.9
30/05/2024,15.7,13,19,4.8,,110,10.8,37,1007.8
31/05/2024,17.9,12,24,0,,33,9,29.6,1011.8
01/06/2024,20.7,14,27,0,,12,6.6,24.1,1014.5
02/06/2024,19.4,13,25,0,,315,7.8,22.2,1012.8
03/06/2024,16.2,14,18,0,,235,20,55.5,1009.2
04/06/2024,15.7,13,18,0.4,,234,22.9,46.3,1008.9
05/06/2024,14,10,16,13,,214,23.6,57.4,1003.1
06/06/2024,11.2,8,14,1.4,,221,16.3,42.6,1010.7
07/06/2024,11.4,8,15,1.4,,211,14.2,35.2,1012.5
08/06/2024,10.5,8,15,20.7,,210,14.3,37,1004.7
09/06/2024,10.4,8,13,0.7,,229,24.5,66.7,996.5
10/06/2024,12.5,11,16,7.6,,230,25.1,63,996.4
11/06/2024,12.5,7,16,0,,240,7.9,22.2,1003.2
12/06/2024,12.1,7,17,0,,216,9.1,35.2,1007.4
13/06/2024,11.2,10,14,0,,215,17.7,38.9,1010
14/06/2024,12.8,10,15,0.2,,135,9.3,29.6,1011.4
15/06/2024,14.1,11,18,10.9,,118,18.2,59.3,1004.5
16/06/2024,16.1,12,20,0,,171,16.5,38.9,1007.2
17/06/2024,15.4,13,18,0.3,,176,12,33.3,1009.5
18/06/2024,14.3,11,16,0,,213,15.8,38.9,1011.1
19/06/2024,14.8,13,17,0,,255,18.3,35.2,1010.8
20/06/2024,14.2,11,16,0,,246,19.5,44.5,1016.3
21/06/2024,15.6,13,19,0,,250,9.2,29.6,1014.6
22/06/2024,13.3,12,14,15.7,,58,7.4,31.5,1007.2
23/06/2024,14.7,13,18,1,,315,10.3,25.9,1012.6
24/06/2024,16.3,12,20,0,,207,9.2,22.2,1018.2
25/06/2024,16.8,10,21,0,,296,6,16.7,1020.2
26/06/2024,18.5,10,24,0,,258,6.1,16.7,1016.3
27/06/2024,21.7,13,28,0,,99,8.2,22.2,1010.5
28/06/2024,19,16,24,2,,227,11.7,35.2,1007.4
29/06/2024,15.8,14,18,0,,244,16.9,40.8,1013.3
30/06/2024,14.6,13,17,5.4,,18,6.1,24.1,1007.4
01/07/2024,15.4,11,18,0,,248,17.2,42.6,1005.5
02/07/2024,15.7,14,18,0,,245,15.6,35.2,1002.5
03/07/2024,15.8,14,18,0,,226,13.5,35.2,1000.1
04/07/2024,13.1,12,14,8.1,,182,15.4,40.8,997.6
05/07/2024,13,11,15,5.2,,219,21.9,51.8,998.3
06/07/2024,14.8,13,18,17.4,,187,18.3,46.3,997.9
07/07/2024,14.6,13,17,0,,217,29.3,79.6,1002
08/07/2024,14,10,18,2.1,,205,11.3,31.5,1014.5
09/07/2024,15.1,9,19,0,,199,7.4,20.4,1021
10/07/2024,18.3,16,21,3.8,,111,12,50,1014.1
11/07/2024,17.8,15,21,0,,279,6.7,20.4,1013.5
12/07/2024,17.6,15,21,0,,323,6.6,18.5,1014.3
13/07/2024,17,14,22,10.7,,28,7.8,29.6,1010.4
14/07/2024,16.2,15,18,14,,184,14.7,31.5,1007.8
15/07/2024,16.5,14,20,13.6,,176,16.9,38.9,1009.1
16/07/2024,17.5,14,22,1.9,,79,5.6,20.4,1011.4
17/07/2024,17.1,15,20,10.6,,259,10.7,33.3,1011
18/07/2024,16.9,16,18,0,,254,20.5,44.5,1017.4
19/07/2024,17.5,14,21,0,,247,12,29.6,1019.3
20/07/2024,18.8,12,23,0,,278,6.6,14.8,1014.7
21/07/2024,21.2,14,27,0,,307,5.5,18.5,1009.8
22/07/2024,18.2,15,20,9.7,,174,9.5,27.8,1009.9
23/07/2024,17.2,13,21,0,,220,10.1,29.6,1012.7
24/07/2024,17.8,14,21,0,,306,8.9,24.1,1012
25/07/2024,17,13,20,0,,250,9.4,24.1,1011.6
26/07/2024,17.6,16,21,5.8,,152,14.1,38.9,1008.4
27/07/2024,17.1,14,20,0.3,,241,13.9,33.3,1011.2
28/07/2024,18.2,16,20,0,,267,16.2,40.8,1015
29/07/2024,16.8,10,22,0,,283,8.9,25.9,1019.9
30/07/2024,17.8,14,21,0,,242,12.1,24.1,1016.9
31/07/2024,17.5,12,20,0,,265,15.9,35.2,1012.4
01/08/2024,16.1,10,21,0,,282,4.4,16.7,1012.4
02/08/2024,16.9,11,23,0,,324,6.5,20.4,1010.7
03/08/2024,16.8,12,20,0,,295,5.7,18.5,1008.7
04/08/2024,17.5,16,19,6.9,,197,8.7,20.4,1007.5
05/08/2024,17.5,13,21,0,,256,6.1,20.4,1011.9
06/08/2024,17.6,10,23,0,,319,3.9,16.7,1013.9
07/08/2024,20.3,16,26,0.2,,145,10.5,31.5,1010.3
08/08/2024,18,14,21,3.8,,244,10.2,27.8,1010.6
09/08/2024,16.3,13,19,25.4,,183,19,55.5,1005.2
10/08/2024,17.2,15,19,0,,246,27.6,64.8,1008.3
11/08/2024,17.2,15,19,0,,272,28.1,55.5,1013.2
12/08/2024,16,9,21,0,,314,10.1,31.5,1015.4
13/08/2024,17.3,9,24,0,,85,6.4,24.1,1015.6
14/08/2024,20.9,17,26,0,,149,9.9,31.5,1013.9
15/08/2024,18.5,16,21,1,,182,8.9,29.6,1011.1
16/08/2024,17.9,15,19,1.3,,246,17.7,40.8,1009.5
17/08/2024,15.8,11,19,0,,238,12.5,27.8,1010.7
18/08/2024,14.4,9,18,0,,189,10,27.8,1009.7
19/08/2024,16.2,13,19,0,,251,13.2,31.5,1014.1
20/08/2024,17.4,13,21,0,,157,15.4,38.9,1012
21/08/2024,16.5,15,19,3.9,,223,13.3,35.2,1004.6
22/08/2024,15.6,14,17,9,,205,19.3,46.3,1004.2
23/08/2024,17.1,16,19,8.4,,198,28.5,75.9,997.1
24/08/2024,16.8,14,21,0,,192,18,61.1,1005.8
25/08/2024,16.4,15,21,14.6,,235,20,51.8,1007.4
26/08/2024,16.4,14,19,1,,206,24,57.4,1016.1
27/08/2024,16.8,14,19,,,203,13.6,33.3,1021.4
28/08/2024,19.2,15,25,,,160,10.1,29.6,1022.6
29/08/2024,20.3,16,27,,,149,14.2,37,1017.6
30/08/2024,16.4,14,19,,,256,14,42.6,1013.4
31/08/2024,15.9,11,19,,,305,10,50,1017.1
01/09/2024,13.9,8,20,,,350,4.7,51.8,1021.8
02/09/2024,13.9,7,19,,,60,4.1,53.7,1021
03/09/2024,19.7,15,25,,,130,14.4,51.8,1019.5
04/09/2024,20.3,17,25,,,94,8.5,40.8,1018.7
05/09/2024,21.2,14,28,0,,52,9.3,31.5,1024
06/09/2024,19.6,12,26,0,,43,7,27.8,1023.5
07/09/2024,19.3,12,28,0,,57,8,27.8,1018.3
08/09/2024,22.5,18,28,0,,111,9.6,35.2,1011
09/09/2024,18.5,14,22,19,,140,8.8,37,999
10/09/2024,15.1,12,17,13,,225,26.2,55.5,996.1
11/09/2024,12.8,11,15,0.4,,220,13.2,37,996.4
12/09/2024,12.3,8,16,0,,200,14.7,35.2,1006.4
13/09/2024,10.4,6,15,0,,225,8.5,24.1,1017.6
14/09/2024,9.4,2,16,0,,339,5.6,24.1,1024.5
15/09/2024,9.9,4,17,0,,334,3.6,11.1,1024.7
16/09/2024,11.6,6,18,0,,30,3.9,16.7,1024.9
17/09/2024,12.4,6,19,0,,3,3.4,14.8,1030.9
18/09/2024,13.6,7,21,0,,29,4.1,16.7,1033.6
19/09/2024,13.5,7,20,0,,345,4.6,14.8,1032.3
20/09/2024,14,7,23,0,,4,2.4,13,1030.8
21/09/2024,12.9,5,22,0,,331,2.4,13,1026.9
22/09/2024,13.3,8,20,0,,45,5,20.4,1020
23/09/2024,14.3,9,19,0,,138,5.5,20.4,1009.8
24/09/2024,15.1,13,17,8.3,,149,9,31.5,1000.4
25/09/2024,14.2,12,15,1.9,,214,21.3,51.8,993.8
26/09/2024,11.8,7,15,5,,98,12,35.2,992
27/09/2024,9.9,6,12,7.7,,8,10,33.3,988
28/09/2024,8.4,2,12,4.1,,325,11.6,35.2,1002.6
29/09/2024,9.6,7,12,0,,277,13.2,37,1020.8
30/09/2024,10.8,7,15,0,,131,9.4,25.9,1024.7
01/10/2024,9.8,6,13,0,,70,12.4,37,1021
02/10/2024,7.7,3,13,0,,22,9,27.8,1019
03/10/2024,7.2,1,15,0,,353,2.1,16.7,1021.3
04/10/2024,7.4,0,15,0,,299,4.3,16.7,1021.1
05/10/2024,11.1,8,14,0,,215,10.5,24.1,1019
06/10/2024,9,5,14,0,,162,7.8,20.4,1013.3
07/10/2024,9.6,6,13,1.1,,120,12.5,38.9,1006.1
08/10/2024,12,10,14,2.7,,123,12,33.3,1001.9
09/10/2024,13.7,13,15,0.7,,182,11.7,27.8,991.9
10/10/2024,12.2,11,13,3.8,,180,9,27.8,985.8
11/10/2024,9.2,6,11,2.8,,277,18.1,51.8,1001.5
12/10/2024,10,7,13,0.1,,192,17.8,51.8,1011.6
13/10/2024,8.7,4,12,0.8,,73,11,42.6,1002.9
14/10/2024,5,1,10,0.4,,4,1,18.5,1011.4
15/10/2024,3.7,0,10,0,,358,1.3,18.5,1022.5
16/10/2024,5.7,-1,12,0,,104,8.6,35.2,1024.5
17/10/2024,10.8,8,15,0,,140,13.5,40.8,1017
18/10/2024,11.6,10,13,0,,148,9.1,31.5,1016.3
19/10/2024,12.6,10,15,0,,133,10.4,25.9,1016.3
20/10/2024,13.5,12,15,1.5,,178,20,55.5,1015.6
21/10/2024,13.5,12,14,2.2,,205,27.7,63,1012.7
22/10/2024,12.2,11,14,0,,227,18.4,48.2,1018.3
23/10/2024,11.8,11,13,0,,249,22.5,51.8,1026.2
24/10/2024,11.6,10,13,0,,208,16.1,38.9,1027.7
25/10/2024,9.8,8,12,0.1,,150,10.5,25.9,1020.4
26/10/2024,11.3,9,12,0.3,,202,5.9,27.8,1018.2
27/10/2024,11.2,10,12,14.9,,216,22.2,48.2,1012.2
28/10/2024,10.3,9,12,0.8,,222,12.4,44.5,1016.2
29/10/2024,10.5,10,11,0,,238,9,38.9,1017.7
30/10/2024,11.3,11,12,0,,274,22.5,50,1016.9
31/10/2024,12.1,11,13,0,,251,27.2,68.5,1011.9
01/11/2024,11.2,5,14,0,,281,33.8,87,1008
02/11/2024,4.2,-3,9,0,,325,7.8,35.2,1027.6
03/11/2024,10.7,6,13,0,,267,23.1,50,1021
04/11/2024,7.1,2,10,0,,170,6.7,24.1,1028.4
05/11/2024,8.7,8,9,0,,214,8.2,20.4,1025.8
06/11/2024,8,7,10,0,,221,8.7,24.1,1028.5
07/11/2024,7.6,1,10,0,,343,6.1,24.1,1032.8
08/11/2024,5.7,0,8,0,,109,5.8,18.5,1034.6
09/11/2024,6.2,6,7,0,,82,6.3,20.4,1031.6
10/11/2024,6,6,6,0,,109,9.8,20.4,1027.4
11/11/2024,5.4,1,9,0.4,,60,2.8,18.5,1025.8
12/11/2024,3.8,3,5,0,,11,2.8,13,1033.4
13/11/2024,6.9,4,10,0,,173,10.4,31.5,1023.6
14/11/2024,2.7,0,7,0,,41,2.6,18.5,1018.4
15/11/2024,7.9,3,11,0,,223,13.4,44.5,1014
16/11/2024,8.8,7,11,2.8,,244,28.1,64.8,1000.9
17/11/2024,7.7,4,9,0,,270,24,66.7,990.6
18/11/2024,1,-2,4,0,,330,7.1,20.4,994.8
19/11/2024,-0.8,-4,2,0,,116,7,20.4,993
20/11/2024,-1.3,-6,0,0,,8,9.9,27.8,992.1
21/11/2024,-5.9,-10,-2,0,,353,7.3,27.8,990
22/11/2024,-7.1,-12,1,0,,41,3,22.2,993
23/11/2024,2.8,0,5,0,,267,12.9,35.2,1005
24/11/2024,5.6,2,11,13.2,,150,23.1,57.4,999.1
25/11/2024,10.5,9,12,7.8,,188,29.1,70.4,995
26/11/2024,8.1,7,9,1.4,,209,27,55.5,1003.5
27/11/2024,5.8,3,8,0,,292,10,38.9,1012.2
28/11/2024,2.2,-3,4,0,,31,12,29.6,1019.5
29/11/2024,2.3,-4,7,0,,189,13.7,37,1027.5
30/11/2024,6.2,5,7,0,,196,26.1,40.8,1023.8
01/12/2024,6.8,6,7,0,,180,19.7,40.8,1017.4
02/12/2024,7.8,5,9,4.2,,195,21.4,46.3,1004.4
03/12/2024,1.8,-3,9,0.6,,33,19.1,38.9,1014.8
04/12/2024,-2.1,-5,0,0,,67,10.7,29.6,1026.7
05/12/2024,0.7,-2,4,0,,124,14.6,51.8,1016.5
06/12/2024,3.7,2,4,0,,99,12,53.7,1006.2
07/12/2024,3.6,2,5,0,,96,13.6,37,1006.3
08/12/2024,3.3,1,5,0,,47,16.1,35.2,1021.5
09/12/2024,0.6,-3,2,,,36,13.6,37,1037.8
10/12/2024,-1.7,-3,1,,,152,4.7,24.1,1036.1
11/12/2024,0,-2,1,,,86,7.7,27.8,1032.3
12/12/2024,-2.5,-6,0,,,22,2.1,42.6,1030.3
13/12/2024,1.5,-4,4,,,212,13.2,44.5,1024.1
14/12/2024,3.8,1,6,1.8,,251,20.1,48.2,1005.1
15/12/2024,4.4,-2,10,2.1,,241,17.2,75.9,1003.5
16/12/2024,8.2,7,11,0,,269,34.1,83.3,1002.7
17/12/2024,6.7,5,8,0,,276,16,57.4,1011.7
18/12/2024,7.1,6,9,14.3,,189,24.5,55.5,998.2
19/12/2024,6.9,5,9,0.4,,235,17.2,51.8,985.1
20/12/2024,3.8,0,5,0,,292,16.6,53.7,998.6
21/12/2024,6.5,5,7,10,,208,24.2,53.7,994.4
22/12/2024,5.5,5,6,1.3,,207,17.8,46.3,984.3
23/12/2024,3.8,0,6,2.7,,8,9.5,31.5,1000.8
24/12/2024,2.1,-2,6,0.8,,184,10.1,35.2,1018.8
25/12/2024,7.3,6,8,1,,200,16.3,31.5,1025.3
26/12/2024,7.7,7,8,0,,215,13.5,33.3,1031.8
27/12/2024,6.7,6,7,0,,202,10.6,24.1,1031.7
28/12/2024,5.7,5,6,0,,209,15.1,29.6,1024.4
29/12/2024,7.1,5,8,0,,216,22.4,51.8,1012.8
30/12/2024,4.9,0,9,2.8,,276,10.1,61.1,1009.2
31/12/2024,1.4,-2,7,20.9,,128,10.1,55.5,1008.3
01/01/2025,5.2,-2,8,10.5,,246,19.8,61.1,988.8
02/01/2025,-2.1,-6,3,0.2,,316,9.3,35.2,998.6
03/01/2025,-2.7,-10,1,1.6,,307,19.6,55.5,998.8
04/01/2025,-2,-12,3,0,,225,12,31.5,1008
05/01/2025,-1.1,-5,2,0,,101,5.7,31.5,1003.4
06/01/2025,0.9,0,6,21.4,,100,21.4,57.4,984.1
07/01/2025,4.7,4,6,3.4,,196,39.5,90.8,977.3
08/01/2025,2.8,1,4,3.2,,224,17.4,75.9,983.7
09/01/2025,0.5,-2,3,0,,353,5.9,27.8,996.5
10/01/2025,-1.8,-4,0,0,,10,13.9,35.2,1009.8
11/01/2025,-2.7,-4,0,0,,357,16,42.6,1020
12/01/2025,-6.2,-10,-2,0,,28,6.5,27.8,1034.9
13/01/2025,1.5,-8,5,0.1,,206,18.5,53.7,1030.8
14/01/2025,5.8,2,7,0.1,,261,18.2,51.8,1018.2
15/01/2025,2.3,-3,6,0,,174,9.2,27.8,1026.3
16/01/2025,5.7,4,7,0,,229,15.6,37,1027.5
17/01/2025,5,3,7,0,,216,19.1,42.6,1028.8
18/01/2025,5.9,4,7,0,,246,12.9,35.2,1028.7
19/01/2025,2.3,0,4,0,,198,9.8,29.6,1024.9
20/01/2025,-0.3,-2,3,0,,75,7.3,20.4,1018.7
21/01/2025,2.3,0,4,0.4,,171,11.2,29.6,1011.3
22/01/2025,3.8,3,4,5.1,,178,14.8,31.5,1007.7
23/01/2025,1.5,0,3,15.2,,130,12.3,38.9,994.9
24/01/2025,4.2,3,5.4,8,,187,30.8,64.8,995.6
,,,,,,,,,
,,,,,,,,,
